SiteID,Site_Description_Cap,Site_Description_Lower,Region,Lat,Long
1,ABBEY ST @ MARLBOROUGH ST (LUAS),abbey st @ marlborough st (luas),CCITY,53.348756,-6.257608
2,AMIENS ST @ SEVILLE PL,amiens st @ seville pl,CCITY,53.354711,-6.246679
3,AMIENS ST @ TALBOT ST,amiens st @ talbot st,CCITY,53.351374,-6.250073
4,ANNESLEY PL @ POPLAR ROW,annesley pl @ poplar row,NCITY,53.361145,-6.240513
5,NCR @ AUGHRIM ST,ncr @ aughrim st,WCITY1,53.355797,-6.292406
6,BAGGOT ST BRIDGE,baggot st bridge,SCITY,53.334055,-6.245199
7,BAGGOT ST @ FITZWILLIAM ST,baggot st @ fitzwilliam st,SCITY,53.336815,-6.249116
8,BAGGOT ST @ WATERLOO RD,baggot st @ waterloo rd,SCITY,53.333171,-6.243319
9,BALLYBOUGH RD @ CLONLIFFE RD (LUKE KELLY BR),ballybough rd @ clonliffe rd (luke kelly br),NCITY,53.361367,-6.242793
10,BALLINTEER@WYCKHAM/WOODPARK &THE HEIGHTS(P523),ballinteer@wyckham/woodpark &the heights(p523),IRE,53.27298881,-6.243635717
10,BALLYGALL RD WEST @ CLUNE RD,ballygall rd west @ clune rd,NCITY,53.389761,-6.293554
11,BALLYMUN RD @ GLASNEVIN AV,ballymun rd @ glasnevin av,NCITY,53.389766,-6.293585
12,BALLYMUN RD @ GRIFFITH AV,ballymun rd @ griffith av,NCITY,53.378896,-6.266859
13,BALLYMUN RD @ ST PAPPINS RD,ballymun rd @ st pappins rd,NCITY,53.385948,-6.265175
14,BATH ST @ BEACH RD / DOCK RD,bath st @ beach rd / dock rd,SCITY,53.33808633,-6.22070852
15,BEAUMONT RD @ SHANTALLA RD,beaumont rd @ shantalla rd,NCITY,53.385381,-6.233328
17,BERESFORD PL @ EDEN QUAY,beresford pl @ eden quay,CCITY,53.34839,-6.255166
18,NCR @ BERKELEY RD,ncr @ berkeley rd,NCITY,53.360497,-6.269626
19,BLACKHALL PL @ BENBURB ST (LUAS),blackhall pl @ benburb st (luas),CCITY,53.347348,-6.28234
20,BLACKHALL PL @ NORTH KING ST,blackhall pl @ north king st,CCITY,53.350022,-6.281693
21,CAPEL ST @ BOLTON ST,capel st @ bolton st,NCITY,53.351066,-6.270081
22,KEVIN ST @ BRIDE ST,kevin st @ bride st,SCITY,53.338178,-6.269269
23,CABRA RD @ ANNAMOE TCE,cabra rd @ annamoe tce,WCITY1,53.36116,-6.286128
24,CAMDEN ST @ CHARLOTTE ST,camden st @ charlotte st,SCITY,53.33363351,-6.2650364
25,CAMDEN ST @ HARCOURT RD (KELLYS CORNER),camden st @ harcourt rd (kellys corner),SCITY,53.332574,-6.264879
26,CAPEL ST BRIDGE,capel st bridge,CCITY,53.345767,-6.267802
27,CAPPAGH RD @ CARDIFFSBRIDGE RD,cappagh rd @ cardiffsbridge rd,NCITY,53.389159,-6.312446
29,CATHAL BRUGHA ST @ MARLBORO ST,cathal brugha st @ marlboro st,CCITY,53.352363,-6.259162
30,CHAPELIZOD RD @ BALLYFERMOT HILL,chapelizod rd @ ballyfermot hill,WCITY1,53.347894,-6.346079
31,CHAPELIZOD RD @ MARTINS ROW,chapelizod rd @ martins row,WCITY1,53.348321,-6.342702
32,BOTANIC RD @ MOBHI RD / FAIRFIELD RD,botanic rd @ mobhi rd / fairfield rd,NCITY,53.370333,-6.268485
33,CHARLEMONT ST @ GRAND PARADE,charlemont st @ grand parade,SCITY,53.33036,-6.260034
34,HARCOURT RD @ HARCOURT ST/CHARLEMONT ST (LUAS),harcourt rd @ harcourt st/charlemont st (luas),SCITY,53.33275053,-6.262871769
35,NICHOLAS ST @ CHRISTCHURCH PL,nicholas st @ christchurch pl,SCITY,53.342866,-6.271874
36,CHURCH ST @ KING ST NORTH,church st @ king st north,CCITY,53.350115,-6.274547
37,CHURCH ST BRIDGE,church st bridge,CCITY,53.345614,-6.275764
38,SCR @ CLANBRASSIL ST (LEONARDS CORNER),scr @ clanbrassil st (leonards corner),SCITY,53.33223388,-6.275230456
39,CLARE ST @ MERRION SQ,clare st @ merrion sq,CCITY,53.341155,-6.250742
40,CLONLIFFE RD @ JONES RD,clonliffe rd @ jones rd,NCITY,53.362621,-6.252298
41,CLONTARF RD @ CASTLE AVE,clontarf rd @ castle ave,NCITY,53.360331,-6.20969
42,CONCOLBERT RD @ MEMORIAL PARK RD,concolbert rd @ memorial park rd,WCITY1,53.34282151,-6.316897682
43,COLLINS AV @ GRACE PARK RD,collins av @ grace park rd,NCITY,53.3810861,-6.2392187
44,CONSTITUTION HILL @ WESTERN WAY,constitution hill @ western way,NCITY,53.354362,-6.273197
45,SCR @ CONYNGHAM RD,scr @ conyngham rd,WCITY1,53.348265,-6.30847
46,CRUMLIN RD @ DOLPHINS BARN BRIDGE,crumlin rd @ dolphins barn bridge,SCITY,53.332073,-6.293524
47,CRUMLIN RD @ SUNDRIVE RD,crumlin rd @ sundrive rd,WCITY1,53.33015,-6.298166
48,DAME ST @ PARLIAMENT,dame st @ parliament,CCITY,53.344118,-6.26722
49,DAME ST @ GEORGES ST,dame st @ georges st,CCITY,53.344169,-6.264473
50,DAME ST @ TRINITY ST,dame st @ trinity st,CCITY,53.3230094,-6.2383055
51,DARTRY RD @ ORWELL PK,dartry rd @ orwell pk,WCITY1,53.30913765,-6.260753211
53,HERBERTON RD @ DOLPHIN RD,herberton rd @ dolphin rd,SCITY,53.3340238,-6.299227
54,SCR @ DOLPHIN'S BARN,scr @ dolphin's barn,SCITY,53.333527,-6.291346
55,DORSET ST @ BELVIDERE RD,dorset st @ belvidere rd,NCITY,53.3607579,-6.2601443
56,DORSET ST @ DOMINICK ST,dorset st @ dominick st,CCITY,53.35304511,-6.26825977
57,DORSET ST @ ECCLES ST,dorset st @ eccles st,NCITY,53.357511,-6.263842
58,DORSET ST / FREDERICK ST / BLESSINGTON ST,dorset st / frederick st / blessington st,NCITY,53.356051,-6.265229
59,DORSET ST @ GARDINER ST,dorset st @ gardiner st,NCITY,53.359011,-6.261967
60,DORSET ST @ GRANBY ROW & PED AT PARNELL SQ,dorset st @ granby row & ped at parnell sq,NCITY,53.3543772,-6.2667336
61,DORSET ST @ NORTH CIRCULAR RD,dorset st @ north circular rd,NCITY,53.359794,-6.26129
62,DRIMNAGH RD @ WALKINSTOWN RD,drimnagh rd @ walkinstown rd,WCITY1,53.324027,-6.328007
63,DRUMCONDRA RD @ CLONLIFFE RD,drumcondra rd @ clonliffe rd,NCITY,53.36338899,-6.25783264
64,SWORDS RD @ GRIFFITH AV,swords rd @ griffith av,NCITY,53.375853,-6.250423
65,DRUMCONDRA RD @ HOME FARM RD,drumcondra rd @ home farm rd,NCITY,53.373441,-6.252043
66,DRUMCONDRA RD @ RICHMOND RD,drumcondra rd @ richmond rd,NCITY,53.36873,-6.255011
67,DRUMCONDRA RD @ WHITWORTH RD,drumcondra rd @ whitworth rd,NCITY,53.361724,-6.259479
69,DUBLIN RD @ KILBARRACK RD,dublin rd @ kilbarrack rd,WCITY1,53.374194,-6.164698566
70,EARLSFORT TCE @ HATCH ST,earlsfort tce @ hatch st,SCITY,53.3332865,-6.2578673
71,EMMET RD @ TYRCONNELL RD,emmet rd @ tyrconnell rd,WCITY1,53.339541,-6.321016
72,FAIRVIEW @ FAIRVIEW STRAND (EDGES CORNER),fairview @ fairview strand (edges corner),NCITY,53.362856,-6.236443
73,FAIRVIEW @ MALAHIDE RD / HOWTH RD,fairview @ malahide rd / howth rd,NCITY,53.3644,-6.229796
75,FENIAN ST @ HOLLES ST,fenian st @ holles st,CCITY,53.3410846,-6.2453144
76,GARDINER PL / MOUNTJOY SQ,gardiner pl / mountjoy sq,CCITY,53.356808,-6.259113
77,GRAND CANAL ST @ HADDINGTON RD,grand canal st @ haddington rd,SCITY,53.33728663,-6.234682657
78,GRANGE RD @ KILBARRACK RD,grange rd @ kilbarrack rd,WCITY1,53.39108502,-6.16837546
80,GRIFFITH AV @ GRACE PARK RD,griffith av @ grace park rd,NCITY,53.37400216,-6.24328512
81,HAROLDS CROSS BRIDGE,harolds cross bridge,SCITY,53.329514,-6.275594
82,HAROLDS CROSS RD @ LEINSTER RD,harolds cross rd @ leinster rd,SCITY,53.32166648,-6.27912199
83,HAROLDS CROSS RD  @ PARK,harolds cross rd  @ park,SCITY,53.326407,-6.278056
84,HAROLDS CROSS RD @ RATHGAR AV,harolds cross rd @ rathgar av,CCITY,53.3186632,-6.2789822
85,SCR @ HEYTESBURY ST,scr @ heytesbury st,SCITY,53.3324471,-6.268333147
86,HOWTH RD @ BROOKWOOD AV,howth rd @ brookwood av,WCITY1,53.3756276,-6.1942887
87,HOWTH RD @ COPELAND AVE,howth rd @ copeland ave,WCITY1,53.3661254,-6.2235609
88,HOWTH RD @ STATION RD,howth rd @ station rd,WCITY1,53.38039654,-6.17510658
90,JAMES LARKIN RD @ WATERMILL RD,james larkin rd @ watermill rd,NCITY,53.3858199,-6.1370926
91,JAMESTOWN RD / MCKEE AVE / SEAMUS ENNIS RD,jamestown rd / mckee ave / seamus ennis rd,NCITY,53.3903381,-6.2981604
92,IRISHTOWN RD @ BATH ST,irishtown rd @ bath st,SCITY,53.3395019,-6.2236852
93,IRISHTOWN RD @ LONDONBRIDGE,irishtown rd @ londonbridge,SCITY,53.33795058,-6.222437918
94,JERVIS ST @ ABBEY ST  (LUAS),jervis st @ abbey st  (luas),CCITY,53.3475745,-6.2669066
95,JERVIS ST @ MARY ST,jervis st @ mary st,CCITY,53.3491454,-6.2668865
97,KIMMAGE RD LOWER @ SUNDRIVE RD,kimmage rd lower @ sundrive rd,SCITY,53.319471,-6.290559
98,KCR AND KIMMAGE RD/RAVENSDALE,kcr and kimmage rd/ravensdale,SCITY,53.312106,-6.299684
100,KIMMAGE RD WEST @ WHITEHALL RD,kimmage rd west @ whitehall rd,WCITY1,53.31270554,-6.304874271
102,LEESON PK @ CHELMSFORD RD,leeson pk @ chelmsford rd,SCITY,53.3265364,-6.2503371
103,LEESON ST @ APPIAN WAY/WATERLOO RD & PED AT SUSSEX RD,leeson st @ appian way/waterloo rd & ped at sussex rd,SCITY,53.3283678,-6.2459187
104,LEESON ST BRIDGE / MESPIL RD,leeson st bridge / mespil rd,SCITY,53.33217585,-6.25214273
105,LONG MILE RD @ WALKINSTOWN AV,long mile rd @ walkinstown av,WCITY1,53.3237,-6.341007
106,LUCAN RD @ KYLEMORE RD,lucan rd @ kylemore rd,WCITY1,53.35101882,-6.352857649
107,MALAHIDE RD @ COLLINS AV,malahide rd @ collins av,NCITY,53.375512,-6.218754
108,MALAHIDE RD @ GRIFFITH AV,malahide rd @ griffith av,NCITY,53.368508,-6.22635
109,MALAHIDE RD @ KILMORE RD,malahide rd @ kilmore rd,NCITY,53.389399,-6.197536
110,MALAHIDE RD @ TONLEGEE RD,malahide rd @ tonlegee rd,NCITY,53.3882497,-6.1990515
111,MERRION RD @ AILESBURY RD,merrion rd @ ailesbury rd,SCITY,53.320531,-6.215506524
112,MERRION RD @ ANGLESEA RD & PED @ RDS,merrion rd @ anglesea rd & ped @ rds,SCITY,53.3477329,-6.2437479
113,MERRION RD @ NUTLEY LANE,merrion rd @ nutley lane,SCITY,53.31886422,-6.2129471
114,MERRION RD @ SANDYMOUNT AV,merrion rd @ sandymount av,SCITY,53.3264971,-6.2244579
115,MERRION ROW @ MERRION ST,merrion row @ merrion st,CCITY,53.33825511,-6.25352763
116,MERRION SQ @ HOLLES ST,merrion sq @ holles st,CCITY,53.3394808,-6.2463771
117,MILLTOWN RD @ DUNDRUM RD,milltown rd @ dundrum rd,SCITY,53.31067582,-6.248131342
118,MOREHAMPTON RD @ HERBERT PK,morehampton rd @ herbert pk,SCITY,53.32511941,-6.24093233
119,MOBHI RD @ BOTANIC AV,mobhi rd @ botanic av,NCITY,53.3719405,-6.2667757
120,MOUNT ST BRIDGE @ WARRINGTON PL,mount st bridge @ warrington pl,DCC1,53.3378278,-6.2413344
121,MOUNTJOY SQ @ BELVIDERE PL,mountjoy sq @ belvidere pl,NCITY,53.35739626,-6.25708867
122,MOUNTJOY ST @ WESTERN WAY,mountjoy st @ western way,NCITY,53.3546282,-6.2691197
123,MOUNTPLEASANT AV @ CHARLESTON RD,mountpleasant av @ charleston rd,SCITY,53.323523,-6.260429202
124,NAAS RD @ KYLEMORE RD (LUAS),naas rd @ kylemore rd (luas),WCITY1,53.326971,-6.342872
125,NAVAN RD @ NEPHIN RD,navan rd @ nephin rd,WCITY1,53.36492,-6.308256
126,NICHOLAS ST @ BRIDE RD,nicholas st @ bride rd,SCITY,53.341537,-6.27226
127,NCR @ CABRA RD,ncr @ cabra rd,NCITY,53.36057485,-6.27494165
128,NCR @ BELVIDERE RD,ncr @ belvidere rd,NCITY,53.35911284,-6.25864396
129,NCR @ FITZGIBBON ST,ncr @ fitzgibbon st,NCITY,53.35859295,-6.25482989
130,NCR @ INFIRMARY RD,ncr @ infirmary rd,WCITY1,53.3522589,-6.2973515
131,NORTH RD @ MELLOWES RD,north rd @ mellowes rd,NCITY,53.3899854,-6.2999075
132,NORTH STRAND RD @ EAST WALL RD,north strand rd @ east wall rd,NCITY,53.360634,-6.23904
133,NORTHUMBERLAND RD @ HADDINGTON RD,northumberland rd @ haddington rd,SCITY,53.3358184,-6.23872844
134,NORTHUMBERLAND RD @ PEMBROKE RD,northumberland rd @ pembroke rd,SCITY,53.3329316,-6.2358624
136,ORWELL RD @ ORWELL PK,orwell rd @ orwell pk,WCITY1,53.30694851,-6.269834935
137,PALMERSTON RD @ BELGRAVE RD,palmerston rd @ belgrave rd,SCITY,53.32085621,-6.2595681
138,PARKGATE ST @ INFIRMARY RD,parkgate st @ infirmary rd,CCITY,53.348199,-6.295636
139,PARNELL RD @ CLOGHER RD,parnell rd @ clogher rd,SCITY,53.3304292,-6.2840455
140,PARNELL SQ @ NORTH FREDERICK ST,parnell sq @ north frederick st,NCITY,53.35456624,-6.26316011
141,GARDINER ST @ PARNELL ST / SUMMERHILL AND PED AT RUTLAND ST,gardiner st @ parnell st / summerhill and ped at rutland st,CCITY,53.354212,-6.256897
142,PATRICK ST @ DEAN ST,patrick st @ dean st,SCITY,53.34014,-6.3154101
143,PEARSE ST @ ERNE ST,pearse st @ erne st,CCITY,53.34350367,-6.24470088
144,PEARSE ST @ MACKEN ST,pearse st @ macken st,CCITY,53.34286447,-6.24057898
145,PEARSE ST @ SANDWITH ST,pearse st @ sandwith st,CCITY,53.34348136,-6.24729873
146,PEARSE ST @ WESTLAND ROW & PED AT CHURCH,pearse st @ westland row & ped at church,CCITY,53.34426797,-6.2490803
147,PEMBROKE RD @ SHELBOURNE RD,pembroke rd @ shelbourne rd,SCITY,53.32949201,-6.232952178
148,PHIBSBORO RD @ CONNAUGHT ST & PED AT SHOPPING CENTRE,phibsboro rd @ connaught st & ped at shopping centre,NCITY,53.36265788,-6.2728451
149,NCR @ PHIBSBORO RD (DOYLES CORNER),ncr @ phibsboro rd (doyles corner),NCITY,53.3609009,-6.2726163
150,PHIBSBORO RD @ WHITWORTH RD,phibsboro rd @ whitworth rd,NCITY,53.36461326,-6.27200073
151,NCR @ PRUSSIA ST (HANLONS CORNER),ncr @ prussia st (hanlons corner),WCITY1,53.357216,-6.288761
152,QUEEN ST BRIDGE,queen st bridge,CCITY,53.346344,-6.280405
153,RANELAGH RD @ FIELDS TCE / CHELMSFORD RD,ranelagh rd @ fields tce / chelmsford rd,SCITY,53.3250988,-6.2546633
155,RATHGAR RD @ ORWELL RD,rathgar rd @ orwell rd,SCITY,53.311945,-6.274628
156,RATHGAR RD @ FRANKFORT AV,rathgar rd @ frankfort av,WCITY1,53.3173303,-6.2704275
157,RATHMINES BRIDGE @ CANAL RD,rathmines bridge @ canal rd,SCITY,53.330097,-6.264255
158,RATHMINES RD @ CASTLEWOOD AV ,rathmines rd @ castlewood av ,SCITY,53.322264,-6.265737
159,RATHMINES RD @ HIGHFIELD RD,rathmines rd @ highfield rd,WCITY1,53.31326375,-6.263354994
160,RINGSEND RD @ SOUTH LOTTS RD,ringsend rd @ south lotts rd,SCITY,53.3415926,-6.23170508
161,HOWTH RD  @ CHURCH,howth rd  @ church,WCITY1,53.37513834,-6.19650121
162,MOBHI RD @ GRIFFITH AV,mobhi rd @ griffith av,NCITY,53.3782629,-6.2651203
163,ST STEPHENS GREEN @ EARLSFORT TCE,st stephens green @ earlsfort tce,SCITY,53.33611851,-6.257122178
164,ST STEPHENS GREEN @ HARCOURT ST (LUAS),st stephens green @ harcourt st (luas),SCITY,53.33764575,-6.262852577
165,SANDFORD RD @ MILLTOWN RD,sandford rd @ milltown rd,SCITY,53.31857895,-6.241455135
166,GARDINER ST @ SEAN MC DERMOTT ST,gardiner st @ sean mc dermott st,CCITY,53.353031,-6.256035
167,SHELBOURNE RD @ LANDSDOWNE RD,shelbourne rd @ landsdowne rd,SCITY,53.33373357,-6.231796775
168,SHERIFF ST @ WAPPING ST,sheriff st @ wapping st,NCITY,53.3503688,-6.2347745
170,SCR @ DONORE AV,scr @ donore av,SCITY,53.3314113,-6.2830572
171,SCR @ EMMET RD,scr @ emmet rd,WCITY1,53.34061163,-6.307669767
172,SCR @ ST JOHNS RD,scr @ st johns rd,WCITY1,53.34396656,-6.308244467
173,GEORGES ST @ STEPHENS ST,georges st @ stephens st,SCITY,53.3890064,-6.2644503
174,STILLORGAN RD @ ANGLESEA RD,stillorgan rd @ anglesea rd,SCITY,53.31925534,-6.2317591
175,STILLORGAN RD @ NUTLEY LANE,stillorgan rd @ nutley lane,SCITY,53.31365381,-6.22239235
176,SUIR RD @ DAVITT RD (LUAS),suir rd @ davitt rd (luas),WCITY1,53.33671594,-6.306763887
177,SUNDRIVE RD @ CLOGHER RD,sundrive rd @ clogher rd,WCITY1,53.32568685,-6.29661575
178,NCR @ SUMMERHILL,ncr @ summerhill,NCITY,53.35696273,-6.24910669
179,SWORDS RD @ COLLINS AV,swords rd @ collins av,NCITY,53.38246,-6.244531
180,SWORDS RD @ LARKHILL RD,swords rd @ larkhill rd,NCITY,53.387663,-6.244352
181,SWORDS RD @ SHANOWEN RD,swords rd @ shanowen rd,NCITY,53.389783,-6.246246
182,GARDINER ST @ TALBOT ST,gardiner st @ talbot st,CCITY,53.349939,-6.253867
183,TARA ST @ GEORGES QUAY,tara st @ georges quay,CCITY,53.347487,-6.255009
184,TARA ST @ POOLBEG ST,tara st @ poolbeg st,CCITY,53.34667437,-6.25519644
185,TARA ST @ TOWNSEND ST & PEDS AT FIRE STATION,tara st @ townsend st & peds at fire station,CCITY,53.3460702,-6.2544919
187,TERENURE CROSS,terenure cross,SCITY,53.309842,-6.283565
188,TOWNSEND ST @ MOSS ST & PED AT PRINCES ST,townsend st @ moss st & ped at princes st,CCITY,53.34576996,-6.252272129
189,TYRCONNELL RD @ DAVITT RD  (LUAS),tyrconnell rd @ davitt rd  (luas),WCITY1,53.3340389,-6.3285548
190,WATLING ST BRIDGE,watling st bridge,CCITY,53.34676,-6.284034
191,WESTLAND ROW @ LINCOLN PL,westland row @ lincoln pl,CCITY,53.3422335,-6.2506234
192,WEXFORD ST @ KEVIN ST,wexford st @ kevin st,SCITY,53.3376999,-6.2657613
193,WINETAVERN ST BRIDGE,winetavern st bridge,CCITY,53.3457258,-6.271739
194,NORTH STRAND RD @ ANNESLEY PL,north strand rd @ annesley pl,NCITY,53.3598561,-6.2397428
196,O'CONNELL BRIDGE @ ASTON QUAY,o'connell bridge @ aston quay,CCITY,53.346968,-6.258936
197,O'CONNELL ST @ BACHELORS WALK,o'connell st @ bachelors walk,CCITY,53.347548,-6.259223
198,O'CONNELL ST @ ABBEY ST  (LUAS),o'connell st @ abbey st  (luas),CCITY,53.348345,-6.259733
199,O'CONNELL ST @ HENRY ST & PED AT EARL ST,o'connell st @ henry st & ped at earl st,CCITY,53.349792,-6.260246
200,O'CONNELL ST @ CATHAL BRUGHA ST,o'connell st @ cathal brugha st,CCITY,53.3517962,-6.260838
201,O'CONNELL ST @ PARNELL ST,o'connell st @ parnell st,CCITY,53.3523029,-6.2617635
202,PARNELL ST @ PARNELL SQ & PED AT DOMINICK ST,parnell st @ parnell sq & ped at dominick st,CCITY,53.35207286,-6.26292665
203,AMIENS ST @ BUCKINGHAM ST,amiens st @ buckingham st,CCITY,53.352744,-6.2489069
205,AUNGIER ST @ YORK ST,aungier st @ york st,SCITY,53.3397445,-6.2657386
206,BAGGOT ST @ PEMBROKE ST,baggot st @ pembroke st,WCITY1,53.3365805,-6.2522631
208,BALLYBOUGH RD @ CANAL BRIDGE,ballybough rd @ canal bridge,CCITY,53.3580309,-6.2478836
209,BALLYFERMOT RD @ DRUMFIN RD,ballyfermot rd @ drumfin rd,WCITY1,53.342862,-6.361105
210,BALLYFERMOT RD @ GALA,ballyfermot rd @ gala,WCITY1,53.3425553,-6.3576219
211,BALLYFERMOT WEST OF ROUNDABOUT,ballyfermot west of roundabout,WCITY1,53.3422509,-6.3493363
215,BALLYMUN RD @ ST MICHAELS ITT & OOT,ballymun rd @ st michaels itt & oot,NCITY,53.37990934,-6.265826672
216,BOTANIC RD @ MARGUERITE RD,botanic rd @ marguerite rd,WCITY1,53.3686101,-6.2697734
218,BRIDGE ST (RINGSEND) @ CHURCH,bridge st (ringsend) @ church,SCITY,53.34170139,-6.2282149
219,BALLYMUN RD @ OUR LADY OF THE VICTORIES SCHOOL,ballymun rd @ our lady of the victories school,NCITY,53.3885676,-6.2655262
220,CAMDEN ST / PLEASANTS ST ,camden st / pleasants st ,SCITY,53.3354574,-6.265205397
223,CLONTARF RD @ BULL WALL,clontarf rd @ bull wall,NCITY,53.3608826,-6.1822893
224,CLONTARF RD @ CONQUER HILL RD,clontarf rd @ conquer hill rd,NCITY,53.3588536,-6.189932
226,COLLEGE GREEN @ GRAFTON ST,college green @ grafton st,CCITY,53.34445733,-6.26043571
229,WESTMORELAND ST @ COLLEGE ST,westmoreland st @ college st,CCITY,53.3451269,-6.2588331
230,COLLEGE ST @ COLLEGE GREEN,college st @ college green,CCITY,53.34521743,-6.25872061
232,D-OLIER ST @ PEARSE ST / FLEET ST / TOWNSEND ST,d-olier st @ pearse st / fleet st / townsend st,CCITY,53.345745,-6.257273
236,CORK ROAD @ ORMOND ROAD,cork road @ ormond road,SCITY,53.3382047,-6.281361792
237,CRUMLIN RD @ LORETO CONVENT,crumlin rd @ loreto convent,WCITY1,53.33061205,-6.296875013
238,CRUMLIN RD @ SHOPPING CENTRE,crumlin rd @ shopping centre,WCITY1,53.32971758,-6.299594575
243,DONNYBROOK RD @ GARDA STATION,donnybrook rd @ garda station,SCITY,53.32150988,-6.23515693
247,EAST WALL RD @ FOOTBRIDGE,east wall rd @ footbridge,NCITY,53.3591025,-6.2364392
248,FAIRVIEW STRAND @ PHILIPSBURGH AV,fairview strand @ philipsburgh av,NCITY,53.3628098,-6.2397045
249,FINGLAS RD @ CLAREMONT COURT,finglas rd @ claremont court,NCITY,53.370792,-6.280234
254,GRAND CANAL ST @ MACKEN ST,grand canal st @ macken st,DCC1,53.3401276,-6.2415368
257,HARCOURT ST @ THE HOSPITAL (LUAS),harcourt st @ the hospital (luas),SCITY,53.33547497,-6.26337304
258,HAROLDS CROSS RD @ LE VERE TCE,harolds cross rd @ le vere tce,SCITY,53.3281278,-6.2766772
259,HAROLDS CROSS RD @ PARK VIEW AV,harolds cross rd @ park view av,SCITY,53.3230781,-6.2789512
260,HEYTESBURY ST @ HOSPITAL,heytesbury st @ hospital,SCITY,53.33616958,-6.268995761
261,HOWTH RD @ DUNSEVERICK RD,howth rd @ dunseverick rd,WCITY1,53.3710136,-6.2059674
262,HOWTH RD  @ ST ASSAM'S RD EAST,howth rd  @ st assam's rd east,WCITY1,53.38023863,-6.16545444
263,KILBARRACK RD @ SWANSNEST AV,kilbarrack rd @ swansnest av,WCITY1,53.3908229,-6.159996
264,KILMORE RD @ ARDLEA RD,kilmore rd @ ardlea rd,NCITY,53.38697262,-6.21497333
268,LEESON ST @ PEMBROKE ST,leeson st @ pembroke st,SCITY,53.3339856,-6.2547733
269,LINCOLN PL @ CLARE ST,lincoln pl @ clare st,CCITY,53.34182053,-6.252296383
271,MALAHIDE RD @ DONNYCARNEY RD,malahide rd @ donnycarney rd,NCITY,53.3726572,-6.2219919
272,COLLEGE GREEN / CHURCH LANE,college green / church lane,CCITY,53.344249,-6.26108855
275,MERRION RD @ HERBERT AV,merrion rd @ herbert av,SCITY,53.31725245,-6.208186305
276,MILLTOWN RD @ SCHOOL,milltown rd @ school,SCITY,53.31160391,-6.24813699
279,NAVAN RD @ CHURCH,navan rd @ church,WCITY1,53.3709889,-6.3123295
280,NEW ST @ LONG LANE & PEDS AT DANIEL ST.,new st @ long lane & peds at daniel st.,SCITY,53.33631886,-6.273147588
281,NORTH STRAND RD @ IVY CHURCH,north strand rd @ ivy church,DCC1,53.3582654,-6.2417088
282,NORTH STRAND RD @ NEWCOMEN BRIDGE,north strand rd @ newcomen bridge,DCC1,53.356811,-6.243832
285,HALFPENNY BRIDGE & MILLENNIUM FOOTBRIDGE @ ORMOND QUAY,halfpenny bridge & millennium footbridge @ ormond quay,CCITY,53.346331,-6.264828
288,PEARSE ST @ SHAW ST,pearse st @ shaw st,CCITY,53.34470527,-6.25221163
295,RATHMINES RD @ LEINSTER RD,rathmines rd @ leinster rd,SCITY,53.324053,-6.265385
297,RICHMOND ST SOUTH @ LENNOX ST,richmond st south @ lennox st,SCITY,53.33070632,-6.264359504
298,MOBHI RD @ SCOIL CAITRIONA,mobhi rd @ scoil caitriona,NCITY,53.37554623,-6.265052122
301,ST STEPHENS GREEN @ NORTH EAST CORNER,st stephens green @ north east corner,CCITY,53.3384903,-6.2550856
302,SANDFORD RD @ MARLBOROUGH RD,sandford rd @ marlborough rd,SCITY,53.3224075,-6.2470422
304,SCR @ RIALTO BRIDGE,scr @ rialto bridge,WCITY1,53.3376023,-6.2990894
305,GEORGES ST @ EXCHEQUER ST,georges st @ exchequer st,CCITY,53.34288724,-6.264307
308,SUNDRIVE RD @ BLARNEY PK,sundrive rd @ blarney pk,WCITY1,53.3208734,-6.292821765
311,TEMPLEOGUE RD @ FORTFIELD RD,templeogue rd @ fortfield rd,SCITY,53.30182,-6.297239
312,TERENURE RD NTH @ ASHDALE RD,terenure rd nth @ ashdale rd,SCITY,53.3147099,-6.2834513
322,KYLEMORE RD @ BLUEBELL AV,kylemore rd @ bluebell av,WCITY1,53.33102001,-6.345645189
323,MALAHIDE RD @ ST BRENDANS AV,malahide rd @ st brendans av,NCITY,53.3868829,-6.2007823
324,BRIDE ST @ GOLDEN LANE,bride st @ golden lane,SCITY,53.34055933,-6.270032359
325,CRUMLIN RD @ IVY GARDENS,crumlin rd @ ivy gardens,WCITY1,53.32761801,-6.30923152
326,CRUMLIN RD @ IVY GROUNDS,crumlin rd @ ivy grounds,WCITY1,53.32831163,-6.306053102
327,FINGLAS RD @ OLD FINGLAS RD,finglas rd @ old finglas rd,NCITY,53.377704,-6.287545
328,GRAFTON ST @ SUFFOLK ST,grafton st @ suffolk st,CCITY,53.34326199,-6.25935027
330,RANELAGH RD @ NORTHBROOK RD,ranelagh rd @ northbrook rd,SCITY,53.3282968,-6.2581681
331,MALAHIDE RD @ KILLESTER AV (ST DAVIDS),malahide rd @ killester av (st davids),NCITY,53.378414,-6.213154
332,SWORDS RD @ PLUNKETT SCHOOL,swords rd @ plunkett school,WCITY1,53.3805653,-6.2459052
333,DAVITT RD / BENBULBIN RD / FOOTBRIDGE (LUAS),davitt rd / benbulbin rd / footbridge (luas),WCITY1,53.33592315,-6.312436759
334,CLONLIFFE RD @ CLONLIFFE GARDENS,clonliffe rd @ clonliffe gardens,NCITY,53.3617786,-6.2467798
335,GRIFFITH AV EXT @ BALLYGALL RD EAST,griffith av ext @ ballygall rd east,NCITY,53.37953644,-6.27635193
336,CHURCH ST @ MAY LANE ,church st @ may lane ,CCITY,53.34777432,-6.27477202
340,FINGLAS RD / PREMIER SQUARE,finglas rd / premier square,NCITY,53.382041,-6.291203
342,SANDFORD RD @ BELMONT AV,sandford rd @ belmont av,SCITY,53.31971651,-6.243607063
344,CABRA RD @ DOWTH AV,cabra rd @ dowth av,WCITY1,53.361011,-6.2831711
346,DRUMCONDRA RD @ ST PATRICKS COLLEGE / ORMOND RD,drumcondra rd @ st patricks college / ormond rd,NCITY,53.3702785,-6.2538964
347,PROSPECT RD @ LINDSAY RD,prospect rd @ lindsay rd,NCITY,53.36586485,-6.27124694
348,BALLYFERMOT RD @ CLEGGAN PARK,ballyfermot rd @ cleggan park,WCITY1,53.343528,-6.369191
351,CHURCH ST @ BRUNSWICK ST,church st @ brunswick st,CCITY,53.3503712,-6.27452493
352,DAWSON ST @ NASSAU ST,dawson st @ nassau st,CCITY,53.3426119,-6.2570885
354,AMIENS ST @ BERESFORD PL,amiens st @ beresford pl,CCITY,53.349056,-6.25165
355,MEMORIAL BRIDGE @ CUSTOMS HOUSE QUAY,memorial bridge @ customs house quay,CCITY,53.348297,-6.25151
356,MEMORIAL BRIDGE @ GEORGES QUAY,memorial bridge @ georges quay,CCITY,53.347432,-6.25178
360,ST STEPHENS GREEN @ DAWSON ST,st stephens green @ dawson st,CCITY,53.339531,-6.258802
362,RATHMINES RD @ CHURCH,rathmines rd @ church,SCITY,53.3278219,-6.264698
363,RATHMINES RD @ MILITARY RD,rathmines rd @ military rd,SCITY,53.3270744,-6.2648431
366,THOMAS ST @ MEATH ST & PED @ JOHNS LANE,thomas st @ meath st & ped @ johns lane,SCITY,53.342838,-6.27916
367,CORNMARKET @ BRIDGE ST,cornmarket @ bridge st,SCITY,53.343445,-6.275115
368,THOMAS ST @ FRANCIS ST,thomas st @ francis st,SCITY,53.343098,-6.276149
369,THOMAS ST @ BRIDGEFOOT ST,thomas st @ bridgefoot st,SCITY,53.343249,-6.281382
370,ST JOHNS RD WEST @ STEVENS LANE (LUAS),st johns rd west @ stevens lane (luas),CCITY,53.3465018,-6.2919755
372,INCHICORE RD @ GRATTAN CRESCENT,inchicore rd @ grattan crescent,WCITY1,53.341616,-6.3190213
377,STATION RD @ RAILWAY BRIDGE,station rd @ railway bridge,DCC1,53.3816229,-6.1757115
378,MILLTOWN RD @ CHURCHTOWN RD,milltown rd @ churchtown rd,SCITY,53.30824153,-6.254377542
379,DRIMNAGH RD @ ERRIGAL RD,drimnagh rd @ errigal rd,WCITY1,53.324865,-6.3210868
380,TONLEGEE RD @ TONLEGEE LIME WOOD,tonlegee rd @ tonlegee lime wood,NCITY,53.3906934,-6.1835244
381,OSCAR TRAYNOR RD @ COOLOCK DRIVE,oscar traynor rd @ coolock drive,NCITY,53.39189537,-6.205269098
383,MERRION RD @ SERPENTINE AV ,merrion rd @ serpentine av ,SCITY,53.3262323,-6.2286358
384,TONLEGEE RD @ MILLBROOK RD,tonlegee rd @ millbrook rd,NCITY,53.39113254,-6.17868027
386,OSCAR TRAYNOR RD @ KILMORE RD,oscar traynor rd @ kilmore rd,NCITY,53.3944814,-6.2120287
387,MEATH ST @ THE COOMBE,meath st @ the coombe,SCITY,53.33987805,-6.278073639
388,OSCAR TRAYNOR @ CLONSHAUGH INDUSTRIAL ESTATE,oscar traynor @ clonshaugh industrial estate,NCITY,53.3974292,-6.2197528
390,CRUMLIN RD @ KILDARE RD,crumlin rd @ kildare rd,WCITY1,53.32520224,-6.317579402
391,MILLTOWN RD @ RAMLEH PARK,milltown rd @ ramleh park,SCITY,53.31466534,-6.24632856
394,RATHFARNHAM RD @ BUSHY PARK RD,rathfarnham rd @ bushy park rd,SCITY,53.306987,-6.283729
395,CRUMLIN RD @ COOLEY RD,crumlin rd @ cooley rd,WCITY1,53.32599684,-6.316012144
399,JAMES ST @ WATLING ST,james st @ watling st,DCC1,53.343459,-6.284836
402,ST STEPHENS GREEN @ GRAFTON ST. (LUAS),st stephens green @ grafton st. (luas),CCITY,53.339932,-6.260701
403,GARDINER ST @ ABBEY ST/BERESFORD PL & PED ADJACENT (LUAS),gardiner st @ abbey st/beresford pl & ped adjacent (luas),CCITY,53.349445,-6.253448
404,PARKGATE ST @ HEUSTON BRIDGE AND PED ADJACENT (LUAS),parkgate st @ heuston bridge and ped adjacent (luas),CCITY,53.347753,-6.29184
405,HARTS CORNER & PEDS @ SMURFITS AND VINCENTS SCHOOL,harts corner & peds @ smurfits and vincents school,NCITY,53.367454,-6.272099
408,CABRA RD @ QUARRY RD.,cabra rd @ quarry rd.,WCITY1,53.36146888,-6.290767193
410,NAAS RD @ CARRIGLEA RD (LUAS),naas rd @ carriglea rd (luas),WCITY1,53.327748,-6.3371697
411,MERRION RD @ MERRION VILLAGE,merrion rd @ merrion village,SCITY,53.31771506,-6.20988357
412,BALLYFERMOT RD EAST OF ROUNDABOUT,ballyfermot rd east of roundabout,WCITY1,53.3422799,-6.3461875
416,GARDINER PL @ TEMPLE ST,gardiner pl @ temple st,NCITY,53.3559038,-6.261015
418,CAPEL ST @ ABBEY ST (LUAS),capel st @ abbey st (luas),CCITY,53.3473404,-6.2678365
419,PARNELL ST / JERVIS ST / CHAPEL LANE,parnell st / jervis st / chapel lane,CCITY,53.3501487,-6.2668778
420,VICTORIA QUAY @ FRANK SHERWIN BRIDGE AND PEDS AT STATION (LUAS),victoria quay @ frank sherwin bridge and peds at station (luas),CCITY,53.346964,-6.291095
421,ST STEPHENS GREEN @ KILDARE STREET,st stephens green @ kildare street,CCITY,53.33889596,-6.256541474
422,NAVAN RD @ RATOATH RD,navan rd @ ratoath rd,WCITY1,53.361587,-6.298221
423,SCR @ BROOKFIELD RD,scr @ brookfield rd,WCITY1,53.3384334,-6.3000141
429,NCR @ CHARLEVILLE RD,ncr @ charleville rd,NCITY,53.35913974,-6.28164494
432,NCR @ GLENGARRIF PARADE (SITE DECOMISSIONED 6/12/07),ncr @ glengarrif parade (site decomissioned 6/12/07),NULL,0,0
437,TERENURE RD NORTH @ EAGLE HILL AVE,terenure rd north @ eagle hill ave,SCITY,53.312752,-6.2823998
438,MANOR ST @ MANOR PL,manor st @ manor pl,CCITY,53.352377,-6.283848
439,TOWNSEND ST @ LOMBARD ST,townsend st @ lombard st,CCITY,53.3447395,-6.2473333
441,MERRION GATES,merrion gates,SCITY,53.3160294,-6.2051674
443,CLONTARF RD @ EMBANKMENT RD & PED AT ST ANTHONYS CHURCH,clontarf rd @ embankment rd & ped at st anthonys church,NCITY,53.36336987,-6.22223463
445,EAST WALL RD / ALFIE BYRNE RD,east wall rd / alfie byrne rd,NCITY,53.3579115,-6.233931
447,NORTH RD @ PLUNKETT AV,north rd @ plunkett av,NCITY,53.39853006,-6.307075024
448,MOREHAMPTON RD @ BELMONT AV,morehampton rd @ belmont av,SCITY,53.32276631,-6.237924689
452,MERRION RD @ SHREWSBURY RD,merrion rd @ shrewsbury rd,SCITY,53.32427925,-6.221443456
454,NASSAU ST @ KILDARE ST & MOLESWORTH ST,nassau st @ kildare st & molesworth st,CCITY,53.3405065,-6.2556651
455,NAVAN RD @ SKREEN RD,navan rd @ skreen rd,WCITY1,53.363481,-6.30392
456,MALAHIDE RD @ GREENCASTLE RD,malahide rd @ greencastle rd,NCITY,53.389455,-6.197644
457,KILBARRACK RD @ KILBARRACK AV,kilbarrack rd @ kilbarrack av,NCITY,53.38699934,-6.147565137
458,FINGLAS RD @ BALLYBOGGAN RD,finglas rd @ ballyboggan rd,NCITY,53.375806,-6.286491
459,FINGLAS RD @ SLANEY RD,finglas rd @ slaney rd,NCITY,53.3726239,-6.2836164
461,MALAHIDE RD @ MOUNT TEMPLE,malahide rd @ mount temple,NCITY,53.3659011,-6.2279552
462,GRAND CANAL ST @ CLANWILLIAM PL,grand canal st @ clanwilliam pl,SCITY,53.338799,-6.2391914
465,MERRION SQ @ MOUNT ST UPR,merrion sq @ mount st upr,SCITY,53.338157,-6.24779284
467,MALAHIDE RD @ DARNDALE RDB/BLUNDEN DR,malahide rd @ darndale rdb/blunden dr,NCITY,53.3981925,-6.1869016
468,GRANGE RD @ NEWBROOK AV,grange rd @ newbrook av,DCC1,53.3964135,-6.1615627
470,NAVAN RD @ BAGGOT RD/KINVARA PK,navan rd @ baggot rd/kinvara pk,WCITY1,53.368262,-6.317797
472,BALLYFERMOT RD @ KENNELSFORT RD,ballyfermot rd @ kennelsfort rd,WCITY1,53.345606,-6.379581
476,EAST WALL RD @ EAST RD,east wall rd @ east rd,NCITY,53.3549727,-6.2299169
479,SANDFORD RD @ ANNA VILLA,sandford rd @ anna villa,SCITY,53.32340936,-6.2500353
483,GARDINER ST @ CHURCH,gardiner st @ church,WCITY1,53.357604,-6.2600286
484,BERKELEY RD @ ST JOSEPHS CHURCH,berkeley rd @ st josephs church,WCITY1,53.3578859,-6.268684
485,FINGLAS RD / SHOPPING CENTRE / GLENHILL EST,finglas rd / shopping centre / glenhill est,NCITY,53.3840261,-6.29391
486,JAMES ST @ HOSPITAL (LUAS),james st @ hospital (luas),WCITY1,53.342471,-6.293937
487,NAAS RD @ LA TOUCHE RD (MUIRFIELD RD) (LUAS),naas rd @ la touche rd (muirfield rd) (luas),WCITY1,53.32927237,-6.334426033
488,BALLYFERMOT RD @ BALLYFERMOT PDE,ballyfermot rd @ ballyfermot pde,WCITY1,53.3421615,-6.351317
489,PRUSSIA ST @ SHOPPING CENTRE,prussia st @ shopping centre,WCITY1,53.35611733,-6.28805481
490,TERENURE RD EAST @ CHURCH,terenure rd east @ church,SCITY,53.3103493,-6.2817733
492,HOWTH RD / ST LAWRENCE RD / ASHBROOK,howth rd / st lawrence rd / ashbrook,WCITY1,53.36811007,-6.21206845
493,BEAUMONT RD @ HOSPITAL,beaumont rd @ hospital,NCITY,53.38566688,-6.228942275
494,HOWTH RD @ JAMES LARKIN RD,howth rd @ james larkin rd,DCC1,53.3822856,-6.1497181
496,MOREHAMPTON RD @ BLOOMFIELD AV,morehampton rd @ bloomfield av,SCITY,53.3266191,-6.2431453
498,KYLEMORE RD @ BY-PASS,kylemore rd @ by-pass,WCITY1,53.34953624,-6.353243887
500,GRIFFITH AV @ PHILIPSBURGH AV,griffith av @ philipsburgh av,NCITY,53.371902,-6.2372442
501,CHAPELIZOD BYPASS @ CONCOLBERT RD,chapelizod bypass @ concolbert rd,WCITY1,53.34272328,-6.32162641
502,SCR @ BULFIN RD,scr @ bulfin rd,WCITY1,53.3394777,-6.3075984
503,SCR @ INCHICORE RD / OLD KILMAINHAM LANE,scr @ inchicore rd / old kilmainham lane,WCITY1,53.3418287,-6.3075832
504,ORWELL RD @ ZION RD,orwell rd @ zion rd,SCITY,53.30994164,-6.273429394
506,CLONTARF RD @ VERNON AVE,clontarf rd @ vernon ave,NCITY,53.3590888,-6.1958659
507,FAUSSAGH RD @ DOWTH AV,faussagh rd @ dowth av,NCITY,53.36373523,-6.282404065
508,SWORDS RD @ OMNI PARK SHOPPING CENTRE,swords rd @ omni park shopping centre,NCITY,53.392833,-6.245973
509,BREMEN GROVE NTH BOUND @ SEAN MOORE RD,bremen grove nth bound @ sean moore rd,SCITY,53.33918705,-6.21650281
510,FINGLAS RD @ WELLMOUNT RD,finglas rd @ wellmount rd,NCITY,53.387314,-6.298282
511,SEAFIELD RD @ VERNON AV,seafield rd @ vernon av,NCITY,53.36393054,-6.195366383
513,AMIENS ST @ STORE ST (LUAS),amiens st @ store st (luas),CCITY,53.34986394,-6.250992591
515,NAVAN RD / KEMPTON EST,navan rd / kempton est,WCITY1,53.371264,-6.329215
517,COLLINS AV @ COLLINSWOOD,collins av @ collinswood,NCITY,53.3803857,-6.236131
519,OLD FINGLAS RD @ BALLYGALL RD,old finglas rd @ ballygall rd,NCITY,53.37750195,-6.27621612
521,GRACE PARK RD. @ GRACE PARK HEIGHTS,grace park rd. @ grace park heights,NCITY,53.37936936,-6.240419447
522,HARCOURT ST @ HATCH ST (LUAS),harcourt st @ hatch st (luas),SCITY,53.33368131,-6.26311276
524,TONLEGEE RD / RATHVALE DRIVE,tonlegee rd / rathvale drive,NCITY,53.39038935,-6.18907821
526,EMMET RD / BULFIN RD,emmet rd / bulfin rd,WCITY1,53.3404516,-6.3155784
528,FINGLAS RD @ TOLKA VALLEY RD,finglas rd @ tolka valley rd,NCITY,53.379786,-6.28828
530,SUNDRIVE RD @ STANAWAY RD,sundrive rd @ stanaway rd,WCITY1,53.32240985,-6.294456571
531,HOWTH RD @ CASTLE AVE,howth rd @ castle ave,WCITY1,53.37140006,-6.20178444
532,OSCAR TRAYNOR RD @ WOODLAWN,oscar traynor rd @ woodlawn,WCITY1,53.3976418,-6.2295637
533,NAVAN RD @ HAMPTON GREEN,navan rd @ hampton green,WCITY1,53.362704,-6.301878
536,STRAND RD @ GILFORD RD,strand rd @ gilford rd,SCITY,53.3278399,-6.2087469
540,OSCAR TRAYNOR RD / DUNDANIEL RD,oscar traynor rd / dundaniel rd,WCITY1,53.39784705,-6.224204176
545,STATION RD / SPRINGDALE RD,station rd / springdale rd,NCITY,53.3828948,-6.1761677
546,HOWTH RD / COLLINS AVE EAST,howth rd / collins ave east,WCITY1,53.3708231,-6.2074971
550,WARRINGTON PL @ MOUNT ST UP,warrington pl @ mount st up,DCC1,53.336415,-6.2426989
551,BALLYFERMOT RD @ COLEPARK ROAD ,ballyfermot rd @ colepark road ,WCITY1,53.3423246,-6.3542352
552,BALLYFERMOT RD @ CHERRY ORCHARD HOSPITAL,ballyfermot rd @ cherry orchard hospital,WCITY1,53.3490613,-6.3625957
553,BALLYFERMOT RD @ O-HOGAN RD,ballyfermot rd @ o-hogan rd,WCITY1,53.34239,-6.338905
554,BALLYFERMOT RD @ BLACKDITCH DR,ballyfermot rd @ blackditch dr,WCITY1,53.3431763,-6.3650815
555,BALLYMUN RD @ DCU,ballymun rd @ dcu,NCITY,53.3843805,-6.2652356
556,FINGLAS RD @ GLASNEVIN CEMETERY,finglas rd @ glasnevin cemetery,NCITY,53.369714,-6.277707
559,CUSTOM HOUSE QY @ COMMON ST,custom house qy @ common st,CCITY,53.3479404,-6.2465924
561,HOWTH RD @ SUPERVALUE,howth rd @ supervalue,WCITY1,53.38011392,-6.17734343
566,BALLYMUN RD @ SANTRY AVE,ballymun rd @ santry ave,DCC1,53.40150126,-6.264615655
568,FINGLAS VILLAGE,finglas village,WCITY1,53.3886434,-6.2971718
570,OLD FINGLAS RD @ VIOLET HILL RD,old finglas rd @ violet hill rd,NCITY,53.3782182,-6.2823265
573,NAAS RD @ THE GAP (LUAS),naas rd @ the gap (luas),WCITY1,53.33275497,-6.32960973
575,RAHENY RD @ GRANGE PARK RD,raheny rd @ grange park rd,NCITY,53.38694732,-6.17362034
577,DUNVILLE AVE @ SHUTTLE (LUAS),dunville ave @ shuttle (luas),SCITY,53.32107133,-6.254677774
578,MELLOWS RD @ SWIMMING POOL,mellows rd @ swimming pool,NCITY,53.3898106,-6.3056651
582,BRIDGE ST @ COOKE ST,bridge st @ cooke st,CCITY,53.34419545,-6.276349215
583,BEAVER ROW @ BEECH HILL AV,beaver row @ beech hill av,SCITY,53.3199514,-6.2321985
584,EAST WALL RD @ SHERRIF ST,east wall rd @ sherrif st,NCITY,53.3498665,-6.2270564
585,GRANGE RD @ DONAGHMEDE SHOPPING CENTRE,grange rd @ donaghmede shopping centre,NCITY,53.39537034,-6.16291316
586,MALAHIDE RD @ ELM MOUNT RD,malahide rd @ elm mount rd,NCITY,53.3773202,-6.2155529
588,SCR @ HERBERTON RD/UPPERCROSS RD,scr @ herberton rd/uppercross rd,SCITY,53.3359902,-6.2988976
591,KILMORE RD @ MARYFIELD CRESCENT,kilmore rd @ maryfield crescent,NCITY,53.3826664,-6.2129617
593,ALFIE BYRNE RD @ DART STATION,alfie byrne rd @ dart station,NCITY,53.3555019,-6.2293145
594,MALAHIDE RD @ BRIAN RD,malahide rd @ brian rd,NCITY,53.3680694,-6.2274334
596,GRIFFITH AVE @ BERESFORD ESTATE,griffith ave @ beresford estate,NCITY,53.3745192,-6.2458056
597,NAVAN RD @ ASHTOWN GR,navan rd @ ashtown gr,WCITY1,53.369758,-6.32459
599,TERENURE PL @ TEMPLEOGUE RD,terenure pl @ templeogue rd,SCITY,53.3094976,-6.2847642
600,EAST WALL RD @ DUBLIN PORT,east wall rd @ dublin port,NCITY,53.3524957,-6.2254671
603,MALAHIDE RD @ ARDLEA RD (NORTH-SOUTH),malahide rd @ ardlea rd (north-south),NCITY,53.38294666,-6.20465646
604,MALAHIDE RD @ ARDLEA RD (EAST-WEST),malahide rd @ ardlea rd (east-west),NCITY,53.3826216,-6.2062264
605,SWORDS RD @ IVERAGH RD,swords rd @ iveragh rd,NCITY,53.3811174,-6.2454129
606,CRUMLIN RD @ ARDAGH RD,crumlin rd @ ardagh rd,WCITY1,53.32890753,-6.303448677
608,MALAHIDE RD @ ST BRENDANS CHURCH,malahide rd @ st brendans church,NCITY,53.3877726,-6.1996801
610,MOREHAMPTON RD @ WELLINGTON PL,morehampton rd @ wellington pl,SCITY,53.32764353,-6.244392851
611,OSCAR TRAYNOR RD @ CLONSHAUGH RD,oscar traynor rd @ clonshaugh rd,NCITY,53.3962867,-6.2169049
612,ABBEY STREET MIDDLE @ LIFFEY ST (LUAS),abbey street middle @ liffey st (luas),CCITY,53.3477418,-6.2636264
613,LEESON ST @ DARTMOUTH RD,leeson st @ dartmouth rd,SCITY,53.33119,-6.2523922
614,SUSSEX RD @ BURLINGTON RD,sussex rd @ burlington rd,SCITY,53.329323,-6.2485613
615,DONNYBROOK RD @ EGLINTON RD,donnybrook rd @ eglinton rd,SCITY,53.31942232,-6.232594251
617,TONLEGEE RD / MOATFIELD RD,tonlegee rd / moatfield rd,NCITY,53.38990084,-6.193174381
618,RANELAGH @ SALLYMOUNT AVE,ranelagh @ sallymount ave,SCITY,53.3241866,-6.2523517
619,ERRIGAL RD @ BRANDON RD,errigal rd @ brandon rd,WCITY1,53.32638273,-6.32219781
622,AUNGIER ST @ LONGFORD ST,aungier st @ longford st,SCITY,53.340691,-6.265586
623,RATHGAR RD / GROSVENOR RD @ CHARLEVILLE RD ,rathgar rd / grosvenor rd @ charleville rd ,SCITY,53.321366,-6.267498
625,HALFPENNY BRIDGE ,halfpenny bridge ,CCITY,53.345882,-6.263806
626,KILBARRACK RD @ THORNVILLE RD,kilbarrack rd @ thornville rd,NCITY,53.3889892,-6.152492
628,PRUSSIA ST @ AUGHRIM ST,prussia st @ aughrim st,CCITY,53.3533,-6.285206
629,CRUMLIN RD @ RAFTERS RD,crumlin rd @ rafters rd,WCITY1,53.32674015,-6.313319206
630,MOUNT PROSPECT AVE @ CLONTARF RD,mount prospect ave @ clontarf rd,NCITY,53.36684735,-6.17264609
634,GRANGE RD @ GRANGE ABBEY,grange rd @ grange abbey,NCITY,53.39845917,-6.16003412
637,KEEPER RD @ HERBERTON RD,keeper rd @ herberton rd,WCITY1,53.33122057,-6.297950149
640,COLLINS AVE @ DCU,collins ave @ dcu,NCITY,53.3862135,-6.2549866
641,TEMPLEOGUE RD @ TERENURE COLLEGE,templeogue rd @ terenure college,SCITY,53.304919,-6.2879147
642,TEMPLEOGUE RD @ BUSGATE,templeogue rd @ busgate,SCITY,53.3068608,-6.2890836
644,COLLEGE GREEN @ NORTH OF GRATTAN MONUMENT,college green @ north of grattan monument,NULL,53.3446384,-6.259851
647,NCR @ O'CONNELLS SCHOOL,ncr @ o'connells school,NCITY,53.3574937,-6.25124831
648,SHELBOURNE RD / CRAMPTON AVE,shelbourne rd / crampton ave,SCITY,53.33213808,-6.231785119
650,MILLTOWN RD @ ST ANNES,milltown rd @ st annes,SCITY,53.312963,-6.247234
651,SARSFIELD RD @ LANDON RD,sarsfield rd @ landon rd,WCITY1,53.342196,-6.32894
653,NICHOLAS ST @ BULL ALLEY ST,nicholas st @ bull alley st,SCITY,53.34059504,-6.27239547
654,SARSFIELD RD @ CONCOLBERT RD (RAILWAY BRIDGE),sarsfield rd @ concolbert rd (railway bridge),WCITY1,53.342091,-6.325348
655,CLONTARF RD / SEAVIEW AVE NTH,clontarf rd / seaview ave nth,NCITY,53.3614111,-6.2147343
658,RINGSEND @ BARROW ST,ringsend @ barrow st,CCITY,53.3420237,-6.2365483
659,GRACE PARK RD / SION HILL RD,grace park rd / sion hill rd,NCITY,53.37593724,-6.242346615
660,NORTH WALL QUAY @ GUILD ST,north wall quay @ guild st,CCITY,53.3475439,-6.2410467
662,MERCER ST @ YORK ST,mercer st @ york st,CCITY,53.33924665,-6.264342311
663,MERCER ST @ CAR PARK,mercer st @ car park,CCITY,53.3397015,-6.264034095
664,ST JOHNS RD @ MILITARY RD,st johns rd @ military rd,WCITY1,53.3455197,-6.2968694
665,LORD EDWARD ST / FISHAMBLE ST (& LORD EDWARD ST @ COWS LANE),lord edward st / fishamble st (& lord edward st @ cows lane),CCITY,53.3434603,-6.2698439
666,DAME ST @ OLYMPIA,dame st @ olympia,CCITY,53.3441691,-6.2662089
667,NAVAN RD @ LIBRARY,navan rd @ library,WCITY1,53.362105,-6.299983
668,HARCOURT ST PED (LUAS),harcourt st ped (luas),SCITY,53.336765,-6.2631501
670,RATOATH RD @ JOHN PAUL PARK,ratoath rd @ john paul park,NCITY,53.36807279,-6.30378423
676,COLDCUT RD @ CLOVER HILL RD,coldcut rd @ clover hill rd,WCITY1,53.34656,-6.383297
677,EAST WALL RD @ ALEXANDER RD,east wall rd @ alexander rd,NCITY,53.35133139,-6.22616086
679,DRIMNAGH RD @ SLIEVEBLOOM RD,drimnagh rd @ slievebloom rd,WCITY1,53.324163,-6.327237
680,OSCAR TRAYNOR RD @ COOLOCK VILLAGE,oscar traynor rd @ coolock village,WCITY1,53.3897368,-6.1996553
684,TERENURE RD EAST BUSGATE,terenure rd east busgate,SCITY,53.31101916,-6.27828166
686,RATHMINES RD @ RATHMINES COLLEGE,rathmines rd @ rathmines college,SCITY,53.3254722,-6.2652374
690,BALLYMUN RD @ OLD FINGLAS RD,ballymun rd @ old finglas rd,WCITY1,53.3761333,-6.2700266
691,SWORDS RD @ REGENCY HOTEL,swords rd @ regency hotel,NCITY,53.37761719,-6.248155097
692,KYLEMORE RD @ LANDEN RD,kylemore rd @ landen rd,WCITY1,53.3379831,-6.3476985
693,TERENURE RD WEST @ GREENLEA RD,terenure rd west @ greenlea rd,SCITY,53.3105567,-6.289794
694,BROOKWOOD AVE @ BROOKWOOD RISE,brookwood ave @ brookwood rise,WCITY1,53.37730147,-6.196350693
699,HAROLD'S CROSS RD / MOUNT ARGUS RD,harold's cross rd / mount argus rd,SCITY,53.324038,-6.279767
701,MALAHIDE RD @ CASINO PK,malahide rd @ casino pk,DCC1,53.372135,-6.22266
704,MOBHI RD @ ST MOBHI DRIVE,mobhi rd @ st mobhi drive,NCITY,53.3728606,-6.26581192
707,RICHMOND VILLA'S @ SOUTH RICHMOND ST,richmond villa's @ south richmond st,SCITY,53.331854,-6.264628
708,SEVILLE PLACE @ ORIEL ST,seville place @ oriel st,CCITY,53.3522571,-6.2435353
709,PHILIPSBURGH AVE @ SHUTTLE,philipsburgh ave @ shuttle,WCITY1,53.3679443,-6.2395667
710,JERVIS ST/SWIFT ROW @ STRAND ST,jervis st/swift row @ strand st,CCITY,53.3468032,-6.2659467
711,CAPEL ST @ STRAND ST (LUAS),capel st @ strand st (luas),CCITY,53.3464323,-6.2680127
712,PHILIPSBURGH AVE @ MELROSE AVE,philipsburgh ave @ melrose ave,NCITY,53.3646238,-6.2398794
714,PORTLAND ROW @ DUNNE ST,portland row @ dunne st,CCITY,53.35602971,-6.248369515
715,GLASNEVIN HILL @ CHURCH,glasnevin hill @ church,NCITY,53.37333216,-6.26866901
716,RATOATH RD @ CAPPAGH RD,ratoath rd @ cappagh rd,NCITY,53.3789349,-6.3228514
717,MEMORIAL PK RD @ INCHICORE RD,memorial pk rd @ inchicore rd,WCITY1,53.34198093,-6.316827536
718,MOUNTJOY SQ WEST @ GRENVILLE ST,mountjoy sq west @ grenville st,CCITY,53.3558568,-6.2581914
720,CORK ST @ COOMBE/DEAN ST,cork st @ coombe/dean st,SCITY,53.339405,-6.274768
722,ADELAIDE ROAD @ PETERS PLACE (LUAS),adelaide road @ peters place (luas),SCITY,53.33270331,-6.2604787
724,SEAN MOORE RD @ PINE RD,sean moore rd @ pine rd,SCITY,53.3405324,-6.2146466
725,PIDGEON HOUSE RD @ EAST LINK,pidgeon house rd @ east link,CCITY,53.3423661,-6.2154825
727,MALAHIDE RD @ N32,malahide rd @ n32,NCITY,53.400908,-6.182329
729,CORK ST @ ARDEE ST,cork st @ ardee st,SCITY,53.33867,-6.279439
733,CORK ST @ DONORE AVE/MARROWBONE LANE,cork st @ donore ave/marrowbone lane,SCITY,53.337258,-6.286343
734,ALFIE BYRNE RD @ EAST PT BUSINESS PK,alfie byrne rd @ east pt business pk,NCITY,53.3594532,-6.235772
735,MALAHIDE RD @ GROVE LANE,malahide rd @ grove lane,NCITY,53.4016374,-6.1807596
738,TYRCONNELL RD @ JAMESTOWN RD,tyrconnell rd @ jamestown rd,WCITY1,53.33480041,-6.32773608
741,NORTH KING ST / QUEEN ST,north king st / queen st,WCITY1,53.3499139,-6.280252253
742,BRUNSWICK ST @ GEORGES LANE,brunswick st @ georges lane,WCITY1,53.35057268,-6.279765258
743,BLACKHALL PLACE @ BLACKHALL ST,blackhall place @ blackhall st,CCITY,53.348685,-6.281942
744,ST STEPHENS GREEN @ NEWMAN CHURCH,st stephens green @ newman church,SCITY,53.3367547,-6.2598865
745,BALLYMUN RD @ SHANGAN / SHOPPING CENTRE,ballymun rd @ shangan / shopping centre,IRE,53.39654693,-6.264009476
746,NORTH WALL QUAY @ EXCISE WALK,north wall quay @ excise walk,CCITY,53.3477201,-6.2440289
747,MAIN ST RAHENY @ WATERMILL RD,main st raheny @ watermill rd,NCITY,53.3792776,-6.1752111
748,HOWTH RD RAHENY @  ST ASSAMS RD WEST/BANK OF IRELAND,howth rd raheny @  st assams rd west/bank of ireland,WCITY1,53.3803719,-6.1726573
749,SCR @ BLOOMFIELD AVE,scr @ bloomfield ave,SCITY,53.3322164,-6.273066
750,DRUMCONDRA RD @ BOTANIC AVE,drumcondra rd @ botanic ave,NCITY,53.3674069,-6.2553931
751,SCR @ WASHINGTON ST,scr @ washington st,SCITY,53.3314719,-6.2790499
752,KILDARE RD @ BANGOR RD,kildare rd @ bangor rd,WCITY1,53.32493616,-6.302289368
753,BLACK HALL ST @ QUEEN ST,black hall st @ queen st,WCITY1,53.3394525,-6.3855202
754,CORK ST @ COOMBE HOSPITAL,cork st @ coombe hospital,SCITY,53.33536899,-6.289478391
755,BALLYMUN RD @ GATEWAY CRESCENT NTH/STH,ballymun rd @ gateway crescent nth/sth,NCITY,53.3942251,-6.2640546
756,BALLYFERMOT RD @ LE FANU RD,ballyfermot rd @ le fanu rd,WCITY1,53.342419,-6.356215
758,LEESON ST FITZWILLIAM PL @ ADELAIDE RD,leeson st fitzwilliam pl @ adelaide rd,SCITY,53.3324442,-6.2531583
760,BLACKHALL ST BRIDGE @ USHERS ISLAND (JOYCE BRIDGE SOUTH),blackhall st bridge @ ushers island (joyce bridge south),CCITY,53.346344,-6.282649
761,BLACKHALL ST BRIDGE @ ELLIS QUAY (JOYCE BRIDGE NORTH),blackhall st bridge @ ellis quay (joyce bridge north),CCITY,53.347954,-6.289938
764,LEESON ST @ CUS,leeson st @ cus,SCITY,53.3348904,-6.25591674
765,MOUNT ST @ LOVE LANE,mount st @ love lane,DCC1,53.337936,-6.2415366
769,DAVITT RD @ KILWORTH RD (LUAS),davitt rd @ kilworth rd (luas),WCITY1,53.33434393,-6.325080693
770,DAVITT RD @ SPERRIN RD PED CROSSING (LUAS),davitt rd @ sperrin rd ped crossing (luas),WCITY1,53.33527529,-6.317468584
771,JAMES ST @ STEVENS LANE (LUAS),james st @ stevens lane (luas),WCITY1,53.343276,-6.290746
772,BENBURB ST @ TEMPLE STREET WEST (LUAS),benburb st @ temple street west (luas),CCITY,53.3480536,-6.2897224
773,BENBURB ST @ QUEEN ST (LUAS),benburb st @ queen st (luas),CCITY,53.347205,-6.280136
774,SMITHFIELD CROSSING (LUAS),smithfield crossing (luas),CCITY,53.34711073,-6.27850252
775,BOW STREET CROSSING (LUAS),bow street crossing (luas),CCITY,53.3469544,-6.2777083
776,CHURCH ST @ CHANCERY ST (LUAS),church st @ chancery st (luas),CCITY,53.34749052,-6.27492041
777,CHANCERY ST @ CHANCERY PLACE (LUAS),chancery st @ chancery place (luas),CCITY,53.34680112,-6.27284357
778,CHANCERY ST @ ARRAN STREET EAST (LUAS),chancery st @ arran street east (luas),CCITY,53.34689962,-6.27047036
781,MILLTOWN RD @ COLLEGE ENTRANCE  (RICHMOND ST SOUTH) (LUAS),milltown rd @ college entrance  (richmond st south) (luas),SCITY,53.31077646,-6.25114215
782,O CONNELL ST @ PRINCES ST NORTH,o connell st @ princes st north,CCITY,53.34908,-6.26006
785,N32 @ BEWLEYS,n32 @ bewleys,DCC1,53.404314,-6.1829698
791,HOWTH RD @ HOLLYBROOK PARK,howth rd @ hollybrook park,WCITY1,53.3668355,-6.2193212
793,ESSEX QUAY @ EXCHANGE ST LOWER,essex quay @ exchange st lower,CCITY,53.345216,-6.268659
794,KILBARRACK RD @ THE DART STATION,kilbarrack rd @ the dart station,DCC1,53.38994621,-6.15647851
796,EDEN QUAY,eden quay,CCITY,53.347958,-6.257311
797,MALAHIDE RD / CLARE HALL SHOPPING CENTRE,malahide rd / clare hall shopping centre,NCITY,53.4007603,-6.18221065
798,BALLYBOGGAN RD @ RATOATH RD,ballyboggan rd @ ratoath rd,NCITY,53.3770954,-6.3091481
800,KILLEEN RD @ PARK WEST IND EST,killeen rd @ park west ind est,WCITY1,53.33302574,-6.355620325
801,ST STEPHENS GREEN @ HUME ST,st stephens green @ hume st,CCITY,53.3379826,-6.255803283
806,NUTLEY LANE @ ST VINCENTS HOSPITAL,nutley lane @ st vincents hospital,SCITY,53.31753304,-6.215569676
807,"CITY QUAY, LOMBARD ST","city quay, lombard st",CCITY,53.3466979,-6.2475573
808,CUSTOM HOUSE QUAY @ SEAN O'CASEY BRIDGE,custom house quay @ sean o'casey bridge,CCITY,53.3479465,-6.2475166
811,HOWTH RD @ ENNAFORT PARK,howth rd @ ennafort park,WCITY1,53.3773532,-6.1873166
812,MERRION RD @ SYDNEY PARADE AVE,merrion rd @ sydney parade ave,SCITY,53.3193809,-6.213522091
816,DPT 1,dpt 1,NCITY,53.3533472,-6.2233522
817,DPT 2,dpt 2,NCITY,53.3542989,-6.2244639
818,DPT 3,dpt 3,NCITY,53.3550091,-6.2224472
821,JAMESTOWN RD @ SYCAMORE RD,jamestown rd @ sycamore rd,NCITY,53.3965717,-6.2938033
822,N32 / CLONSHAUGH RD,n32 / clonshaugh rd,NCITY,53.4095579,-6.2142442
826,BALLYFERMOT RD @ LIDL,ballyfermot rd @ lidl,WCITY1,53.343796,-6.372084
828,BALLYMUN RD @ CIVIC OFFICES,ballymun rd @ civic offices,DCC1,53.3956933,-6.2640744
830,SWORDS RD @ WHITEHALL CHURCH,swords rd @ whitehall church,NCITY,53.3840774,-6.2436444
832,FAIRVIEW STRAND @RICHMOND RD,fairview strand @richmond rd,NCITY,53.3624649,-6.2427062
833,PEARSE ST @ BOLANDS BRIDGE PED,pearse st @ bolands bridge ped,DCC1,53.34247966,-6.23919209
834,M1/COOLOCK INTERCHANGE RAMP,m1/coolock interchange ramp,NCITY,53.39810787,-6.23868547
835,SWORDS RD NTHBND @ TUNNEL PORTAL,swords rd nthbnd @ tunnel portal,NCITY,53.393186,-6.2377395
838,ST JOHNS RD @ HEUSTON S.Q.,st johns rd @ heuston s.q.,WCITY1,53.3453701,-6.2986346
839,CLONTARF RD @ DOLLYMOUNT PARK,clontarf rd @ dollymount park,NCITY,53.36286644,-6.17861398
848,ROCK RD @ ELM PARK,rock rd @ elm park,DCC1,53.3138185,-6.2028282
850,EAST RD @ CHURCH RD,east rd @ church rd,NCITY,53.35205034,-6.23244575
851,DARNDALE @ COMMUNITY CENTRE,darndale @ community centre,NCITY,53.4008251,-6.1949973
855,SEVILLE PLACE @ FERRYMANS CROSSING,seville place @ ferrymans crossing,CCITY,53.3514934,-6.2422365
856,GUILD ST @ SHERIFF ST,guild st @ sheriff st,CCITY,53.35070246,-6.24140187
857,COOLOCK LANE PEDESTRIAN CROSSING,coolock lane pedestrian crossing,WCITY1,53.39719483,-6.233126521
858,OSCAR TRAYNOR RD @ LARCH HILL ESTATE,oscar traynor rd @ larch hill estate,WCITY1,53.3977605,-6.2269591
859,HOLE IN THE WALL ROAD @ CLONGRIFFEN ROAD,hole in the wall road @ clongriffen road,NCITY,53.4015064,-6.1620335
860,MAYOR STREET @ COMMONS STREET,mayor street @ commons street,DCC1,53.349381,-6.2453152
861,MAYOR STREET @ GUILD STREET,mayor street @ guild street,CCITY,53.3490449,-6.241122
862,MAYOR STREET @ NATIONAL CONFERENCE CENTRE,mayor street @ national conference centre,DCC1,53.3491017,-6.2409148
863,MAYOR STREET @ SPENCER DOCK WEST,mayor street @ spencer dock west,DCC1,53.3491793,-6.2407739
864,MAYOR STREET @ SPENCER DOCK EAST,mayor street @ spencer dock east,DCC1,53.3488222,-6.2367472
865,MAYOR STREET @ NEW WAPPING ST,mayor street @ new wapping st,DCC1,53.348745,-6.235217
866,MAYOR STREET @ CASTLEFORBES RD,mayor street @ castleforbes rd,DCC1,53.3484717,-6.2320724
867,MAYOR STREET @ THE POINT,mayor street @ the point,DCC1,53.3484851,-6.229763031
868,SIR JOHN ROGERSONS QUAY @ MACKEN ST BRIDGE,sir john rogersons quay @ macken st bridge,CCITY,53.346158,-6.241211
870,MACKEN ST @ HANOVER ST,macken st @ hanover st,CCITY,53.34426326,-6.24036451
873,NORTH WALL QUAY @ SPENCER DOCK,north wall quay @ spencer dock,CCITY,53.347362,-6.238084
874,CLONSHAUGH RD PEDESTRIAN CROSSING,clonshaugh rd pedestrian crossing,NCITY,53.406642,-6.2150647
875,MALAHIDE ROAD @ BELMAYNE,malahide road @ belmayne,NCITY,53.40653831,-6.177218556
876,MAIN ST CHAPELIZOD,main st chapelizod,WCITY1,53.34910591,-6.34386685
877,KYLEMORE RD @ CANAL BRIDGE,kylemore rd @ canal bridge,WCITY1,53.33186203,-6.34631322
878,BALBUTCHER LANE SOUTH/CARRIG RD,balbutcher lane south/carrig rd,NCITY,53.39955845,-6.27600378
882,BAGGOT ST @ HERBERT PLACE,baggot st @ herbert place,SCITY,53.3348628,-6.2461194
883,CHARLEMONT ST @ CHARLEMONT MALL,charlemont st @ charlemont mall,SCITY,53.330918,-6.2606911
886,HARMONSTOWN RD / SPRINGDALE RD,harmonstown rd / springdale rd,NCITY,53.3829439,-6.1854254
888,CLARE HALL AVE EAST OF MALAHIDE ROAD,clare hall ave east of malahide road,NCITY,53.4022901,-6.1764758
889,CLARE HALL BELMAYNE WEST OF ROUNDABOUT,clare hall belmayne west of roundabout,NCITY,53.4016729,-6.1712525
890,GRANGE ROAD @ HOLE IN THE WALL RDB EAST & SOUTH,grange road @ hole in the wall rdb east & south,NCITY,53.3981722,-6.161157
891,CEDAR BROOK AVE / BARNEVILLE WALK,cedar brook ave / barneville walk,SCITY,53.3356713,-6.3802203
892,CLANBRASIL ST @ LOMBARD ST WEST,clanbrasil st @ lombard st west,SCITY,53.33384256,-6.27525421
893,SIR JOHN ROGERSONS QUAY @ FORBES ST,sir john rogersons quay @ forbes st,CCITY,53.3458407,-6.2385057
895,KEVIN ST UPPER PEDESTRIAN,kevin st upper pedestrian,SCITY,53.3385137,-6.2720722
897,NORTH WALL QUAY @ NEW WAPPING ST,north wall quay @ new wapping st,CCITY,53.34733698,-6.235663531
898,NORTH WALL QUAY @ THE POINT DEPOT,north wall quay @ the point depot,DCC1,53.34691556,-6.230106354
899,SANTRY AVE / NORTHWOOD,santry ave / northwood,NCITY,53.4002683,-6.2578403
900,SANTRY AVE @ ALDI,santry ave @ aldi,NCITY,53.399893,-6.254384
901,SANTRY AVE @ HEITON BUCKLEY,santry ave @ heiton buckley,NCITY,53.39777504,-6.24676364
902,NCR @ NEW HOSPITAL ENTRANCE,ncr @ new hospital entrance,NCITY,53.3602205,-6.265651
904,EAST WALL RD @ CHURCH RD,east wall rd @ church rd,NCITY,53.35688453,-6.2318516
906,DRUMCONDRA RD @ ST PATRICKS COLLEGE / SKYLON HOTEL,drumcondra rd @ st patricks college / skylon hotel,NCITY,53.37220112,-6.252867882
908,BURGH QUAY / MARLBOROUGH ST,burgh quay / marlborough st,CCITY,53.34733,-6.25722
910,EMMET RD @ VINCENT ST WEST,emmet rd @ vincent st west,WCITY1,53.3397065,-6.3181054
911,KILDARE ST @ MOLESWORTH ST,kildare st @ molesworth st,CCITY,53.3404575,-6.2556812
913,RATOATH RD @ ST CATHERINES,ratoath rd @ st catherines,NCITY,53.370299,-6.3057503
914,OSCAR TRAYNOR @ BARRYSCOURT ROAD,oscar traynor @ barryscourt road,NCITY,53.3944578,-6.2132561
915,BEAUMONT ROAD @ BEAUMONT GROVE,beaumont road @ beaumont grove,NCITY,53.3843106,-6.2361099
916,FASSAUGH ROAD @ CONNAUGHT ST,fassaugh road @ connaught st,NCITY,53.3636365,-6.2813505
917,SWORDS ROAD / MAGENTA CRESCENT,swords road / magenta crescent,NCITY,53.39506041,-6.245358339
918,GRIFFITH AVE@ EDUCATE TOGETHER SCHOOL,griffith ave@ educate together school,NCITY,53.3791466,-6.2697465
919,DAWSON ST / MOLEWORTH ST PED,dawson st / moleworth st ped,CCITY,53.3412255,-6.2582446
920,DAWSON ST / DUKE ST PED,dawson st / duke st ped,CCITY,53.3417803,-6.2582065
921,WESTMORELAND ST / FLEET ST,westmoreland st / fleet st,CCITY,53.3458277,-6.2592576
922,O'CONNELL ST / SAVOY PED,o'connell st / savoy ped,CCITY,53.35133455,-6.260423039
923,MARLBOROUGH ST / PARNELL ST,marlborough st / parnell st,CCITY,53.3533561,-6.2597367
925,PARNELL ST / DOMINIC ST,parnell st / dominic st,CCITY,53.3508821,-6.2649467
926,"NORTH CIRCULAR ROAD, PED","north circular road, ped",NCITY,53.35981326,-6.27901329
927,CABRA RD PED,cabra rd ped,NCITY,53.3609347,-6.2798088
928,CONSTITUTION HILL @ PREBAND STREET,constitution hill @ preband street,NCITY,53.3532882,-6.2732516
929,PREBEND ST/ BUS EIREANN BUS GARAGE,prebend st/ bus eireann bus garage,NCITY,53.3535782,-6.2743292
930,CHAPELIZOD BYPASS @ KYLEMORE RD,chapelizod bypass @ kylemore rd,WCITY1,53.35022459,-6.355119205
931,COLLINS AVENUE EAST @ KILLESTER COLLEGE,collins avenue east @ killester college,WCITY1,53.3716075,-6.2077819
932,BOLTON STREET@HENRIETTA STREET,bolton street@henrietta street,NCITY,53.35237199,-6.268940064
933,SOUTH CIRCULAR ROAD @ DUFFERIN (MOSQUE),south circular road @ dufferin (mosque),SCITY,53.3311197,-6.2814447
934,HOWTH ROAD @ ALL SAINTS ROAD,howth road @ all saints road,DCC1,53.3770494,-6.1895402
935,SHERIFF STREET UPPER @ NEW ROAD,sheriff street upper @ new road,CCITY,53.3498201,-6.226062
936,BACHELORS WALK BUS GATE,bachelors walk bus gate,CCITY,53.347048,-6.26123
937,NULL,NULL,NCITY,53.371294,-6.166864
938,BALBUTCHER LANE @ SHANGAN ROAD,balbutcher lane @ shangan road,IRE,53.39740718,-6.266421565
939,GRANGE ROAD @ HOLE IN THE WALL RDB WEST,grange road @ hole in the wall rdb west,NCITY,53.39909506,-6.16222271
940,MOREHAMPTON ROAD @ DONNYBROOK FAIR,morehampton road @ donnybrook fair,SCITY,53.3242753,-6.2399135
941,HANOVER STREET EAST @ CREIGHTON STREET,hanover street east @ creighton street,CCITY,53.34529929,-6.246349529
944,STILLORGAN ROAD / RTE PED,stillorgan road / rte ped,SCITY,53.316057,-6.227652
945,CRUMLIN VILLAGE @ WINDMILL ROAD,crumlin village @ windmill road,WCITY1,53.320534,-6.316447
946,CLONTARF ROAD @ DOLLYMOUNT AVE,clontarf road @ dollymount ave,NCITY,53.3645453,-6.1765215
947,BALBUTCHER LANE @ POPPINTREE,balbutcher lane @ poppintree,NCITY,53.4083984,-6.2715581
948,RATOATH ROAD @ FASSAUGH AVENUE,ratoath road @ fassaugh avenue,NCITY,53.3671289,-6.3021912
950,SYBIL HILL @ ST ANNES PARK,sybil hill @ st annes park,NCITY,53.370975,-6.194269
1002,HEUSTON STATION ACCESS (LUAS),heuston station access (luas),CCITY,53.347053,-6.291793
1124,STILLORGAN RD @ MT MERRION RD,stillorgan rd @ mt merrion rd,IRE,53.2968944,-6.2033038
1394,CROFTON RD@COAL QUAY(T394),crofton rd@coal quay(t394),IRE,53.2962686,-6.1416083
2024,JOHNSTOWN RD @ MAPLE MANOR,johnstown rd @ maple manor,IRE,53.26316366,-6.1482073
2057,BALLYMUN RD @ STATOIL GARAGE,ballymun rd @ statoil garage,IRE,53.402957,-6.2669567
2127,STILLORGAN RD @ FOSTERS AVENUE,stillorgan rd @ fosters avenue,IRE,53.30358311,-6.20873508
4010,M50 @ M1/  TURNAPIN,m50 @ m1/  turnapin,DCC1,53.41093953,-6.2256486
4011,BALLYMUN RD @ M50,ballymun rd @ m50,DCC1,53.408778,-6.268103
4012,M50 @ NORTH RD,m50 @ north rd,DCC1,53.40419073,-6.310003996
4013,M50 @ BLANCHARDSTOWN RDB,m50 @ blanchardstown rdb,DCC1,53.398422,-6.391127
4014,N3 @ AUBURN RDB,n3 @ auburn rdb,DCC1,53.38076,-6.357811
4015,N3 @ SCOTTS RD RDB ,n3 @ scotts rd rdb ,DCC1,53.3855652,-6.3594329
4020,M50 @ TALLAGHT RDB,m50 @ tallaght rdb,DCC1,53.29039882,-6.33235082
4025,M1 @ SWORDS RD/ AIRPORT,m1 @ swords rd/ airport,DCC1,53.4317395,-6.2182696
4026,"SANDYFORD, ROTARY","sandyford, rotary",IRE,53.269763,-6.2157289
4027,M50 @ LEHAUNSTOWN WEST,m50 @ lehaunstown west,IRE,53.24156076,-6.15204512
4028,M50 @ LEHAUNSTOWN EAST,m50 @ lehaunstown east,IRE,53.2483505,-6.1479403
4029,SWORDS RD @ SANTRY AVE,swords rd @ santry ave,DCC1,53.397325,-6.244997
4030,SWORDS RD @ COOLOCK LANE,swords rd @ coolock lane,DCC1,53.398532,-6.244059
4031,COOLOCK LANE @ OAK PARK,coolock lane @ oak park,DCC1,53.3988112,-6.2436871
4035,R132 @ CORBALLIS ROAD,r132 @ corballis road,DCC1,53.4232997,-6.23092044
4036,NAVAN RD BRIDGE OOT,navan rd bridge oot,DCC1,53.3761208,-6.3455861
4037,NAVAN RD BRIDGE ITT,navan rd bridge itt,DCC1,53.37681,-6.345079
4038,N2 / CHARLESTOWN,n2 / charlestown,DCC1,53.4030089,-6.3102206
4039,R132 @ COLLINSTOWN CROSS,r132 @ collinstown cross,DCC1,53.423269,-6.230246
4040,BALLYMUN RD @ IKEA,ballymun rd @ ikea,DCC1,53.4009477,-6.2655143
4045,NAUL RD @ NCT CENTRE,naul rd @ nct centre,DCC1,53.41118746,-6.26585916
4047,BALLYMUN RD @ M50 SLIP LANE PEDS,ballymun rd @ m50 slip lane peds,DCC1,53.40819846,-6.26583397
4048,N3 INTERCHANGE @ TOTAL FITNESS,n3 interchange @ total fitness,DCC1,53.38437,-6.366341
4049,N3 INTERCHANGE @ DUNSINK LANE,n3 interchange @ dunsink lane,DCC1,53.3803453,-6.3551861
4050,N3 INTERCHANGE @ JAMES CONNOLLY MEMORIAL HOSPITAL,n3 interchange @ james connolly memorial hospital,DCC1,53.384685,-6.3685231
4051,N3 PED BETWEEN AUBURN AVE & RAILWAY BRIDGE,n3 ped between auburn ave & railway bridge,DCC1,53.379199,-6.353712
4052,CASTLEKNOCK RD/CHESTERFIELD AVENUE,castleknock rd/chesterfield avenue,DCC1,53.3696362,-6.3480856
4053,CASTLEKNOCK RD/AUBURN AVENUE,castleknock rd/auburn avenue,DCC1,53.3726096,-6.3583103
4054,CASTLEKNOCK RD/COLLEGE RD,castleknock rd/college rd,DCC1,53.3728273,-6.3616693
4055,CASTLEKNOCK RD/BEECHPARK RD,castleknock rd/beechpark rd,DCC1,53.3751879,-6.3638491
4056,CASTLEKNOCK RD/PARK LODGE RD,castleknock rd/park lodge rd,DCC1,53.380169,-6.3696774
4057,PARK LODGE RD CASTLEKNOCK AVE/LAUREL LODGE RD/PARKLANDS,park lodge rd castleknock ave/laurel lodge rd/parklands,DCC1,53.3790602,-6.3719023
4058,CASTLEKNOCK RD/ROSELAWN AVENUE,castleknock rd/roselawn avenue,DCC1,53.3830956,-6.3709358
4059,MAIN ST BLANCH/CASTLEKNOCK RD (BELL PUB),main st blanch/castleknock rd (bell pub),DCC1,53.3852756,-6.3728032
4060,MAIN ST / RIVER RD,main st / river rd,DCC1,53.3855855,-6.373102963
4061,MAIN ST / CHURCH AVENUE,main st / church avenue,DCC1,53.385857,-6.3748309
4062,CASTLEKNOCK RD @ OAK LODGE PEDESTRIAN,castleknock rd @ oak lodge pedestrian,DCC1,53.3723485,-6.3595745
4063,CASTLEKNOCK RD @ CHESTERFIELD AVE PEDESTRIAN,castleknock rd @ chesterfield ave pedestrian,DCC1,53.3705365,-6.3432455
4064,R132 @ CARGOBRIDGE ROAD,r132 @ cargobridge road,DCC1,53.42516941,-6.22949979
4065,N3 INTERCHANGE @ BLANCHARDSTOWN RD NORTH,n3 interchange @ blanchardstown rd north,DCC1,53.398015,-6.390682
4066,N3 INTERCHANGE @ BLANCHARDSTOWN RD SOUTH,n3 interchange @ blanchardstown rd south,DCC1,53.397107,-6.392437
4067,N3 OFF RAMP @ OLD NAVAN RD,n3 off ramp @ old navan rd,DCC1,53.3992092,-6.3918656
4068,N3 NAVAN ROAD SLIP,n3 navan road slip,DCC1,53.39547583,-6.38642209
4069,ST MARGARETS RD @ JAMESTOWN RD,st margarets rd @ jamestown rd,DCC1,53.4065192,-6.2917348
4070,NAVAN ROAD @ ASHTOWN ROUNDABOUT WEST,navan road @ ashtown roundabout west,DCC1,53.350014,-6.251234
4071,AIRPORT ROUNDABOUT @ CORBALLIS,airport roundabout @ corballis,DCC1,53.4253781,-6.2190912
4101,ROCKSHIRE RD / ROCK RD,rockshire rd / rock rd,IRE2,0,0
4102,PARNELL ST / JOHNS RD,parnell st / johns rd,IRE2,0,0
4103,COLBECK ST / CATHERINE ST,colbeck st / catherine st,IRE2,0,0
4104,THE MALL / LOMBARD ST,the mall / lombard st,IRE2,0,0
4105,CORK RD / BALLYBEG DRIVE,cork rd / ballybeg drive,IRE2,0,0
4106,CORK RD / CLAREMONT,cork rd / claremont,IRE2,0,0
4107,CORK RD/BATH ST/MANOR ST,cork rd/bath st/manor st,IRE2,0,0
4108,MILITARY RD / MORRISONS RD,military rd / morrisons rd,IRE2,0,0
4109,MORRISONS RD / SLIEVEKEELE RD / CANNON ST,morrisons rd / slievekeele rd / cannon st,IRE2,0,0
4110,MILITARY RD / MORGAN RD,military rd / morgan rd,IRE2,0,0
4111,ARD NA GREINE / UPPER YELLOW RD,ard na greine / upper yellow rd,IRE2,0,0
4112,PATRICK ST / BOARD ST,patrick st / board st,IRE2,0,0
4113,BALLYTRUCKLE / JOHNS HILL,ballytruckle / johns hill,IRE2,0,0
4114,PASSAGE RD / INNER RING RD,passage rd / inner ring rd,IRE2,0,0
4115,JOHNS HILL / THE FOLLY,johns hill / the folly,IRE2,0,0
4116,MEARGHERS QUAY / CLOCK TOWER,mearghers quay / clock tower,IRE2,0,0
4117,RICE BRIDGE / MERCHANTS QUAY,rice bridge / merchants quay,IRE,0,0
4118,ASHE RD /INNER RING RD,ashe rd /inner ring rd,IRE2,0,0
4119,SALLY PARK / N9 / GOODS YARD,sally park / n9 / goods yard,IRE2,0,0
4121,CLEABOY RD / HILLVIEW / CLEABOY AVE,cleaboy rd / hillview / cleaboy ave,IRE2,0,0
4122,SALLYPARK / TRAIN STATION,sallypark / train station,IRE2,0,0
4123,ASHE RD / HENNESSYS RD,ashe rd / hennessys rd,WCITY1,0,0
4124,DUNMORE RD / ISLAND LANE,dunmore rd / island lane,IRE2,0,0
4125,BARRACK ST / MANOR HILL,barrack st / manor hill,IRE2,0,0
4126,CORK RD N25 / BROWNS RD,cork rd n25 / browns rd,IRE2,0,0
4127,CORK RD / BALLYCASHIN HILL,cork rd / ballycashin hill,IRE2,0,0
4128,BROWNS RD / LISMORE PARK,browns rd / lismore park,IRE2,0,0
4129,NEWTOWN RD / PARK RD,newtown rd / park rd,IRE,0,0
4130,NEWTOWN RD / LOWER NEWTOWN,newtown rd / lower newtown,IRE,0,0
4131,KNOCKBOY / BALLYGUNNER,knockboy / ballygunner,WCITY1,0,0
4133,THE QUAY / MILLENIUM PLAZA,the quay / millenium plaza,IRE2,0,0
5101,O'GROWNEY TERRACE / KELLS RD / N3,o'growney terrace / kells rd / n3,NULL,0,0
5102,KELLS RD NAVAN PED,kells rd navan ped,NULL,0,0
5104,ABBEYLANDS / N3 / FIRE STATION,abbeylands / n3 / fire station,NULL,0,0
5105,ABBEYLANDS SHOPPING CENTRE,abbeylands shopping centre,NULL,0,0
5106,POOLBOY BRIDGE / WATERGATE ST / FLOWER HILL,poolboy bridge / watergate st / flower hill,IRE3,0,0
5107,TIMMONS HILL / N3 / ATHLUMNEY BRIDGE,timmons hill / n3 / athlumney bridge,NULL,0,0
5108,CIRCULAR RD / DUBLIN RD / N3,circular rd / dublin rd / n3,NULL,0,0
5109,ARDBOYNE BRIDGE / N3,ardboyne bridge / n3,NULL,0,0
5110,KILCAIRN CROSS / N3,kilcairn cross / n3,NULL,0,0
5111,FORFAS RD / METGES RD,forfas rd / metges rd,IRE3,0,0
6000,KILMACUD RD UPPER @ BLACKTHORN AVE (LUAS),kilmacud rd upper @ blackthorn ave (luas),SCITY,53.27934903,-6.210849764
6001,STILLORGAN RD @ TREES RD,stillorgan rd @ trees rd,IRE,53.2934127,-6.2015859
6002,STILLORGAN RD @ PRIORY DRIVE(T123A),stillorgan rd @ priory drive(t123a),IRE,53.29352612,-6.20138873
6003,BRAY RD@BREWERY RD (6003)(T121),bray rd@brewery rd (6003)(t121),IRE,53.28229089,-6.19380808
6004,"BRAY RD / N11, SPRINGFIELD","bray rd / n11, springfield",IRE,53.274359,-6.176242
6005,STILLORGAN RD @ THE RISE,stillorgan rd @ the rise,IRE,53.3023963,-6.2074919
6006,"STILLORGAN RD, KILL LANE, BRAY RD/N11","stillorgan rd, kill lane, bray rd/n11",IRE,53.273556,-6.17352
6007,"BRAY ROAD/N11,  WESTMINISTER RD","bray road/n11,  westminister rd",IRE,53.272355,-6.1713
6008,STILLORGAN RD @ STILLORGAN PARK,stillorgan rd @ stillorgan park,IRE,53.2886804,-6.195241
6009,"BRAY RD/N11, MART LANE","bray rd/n11, mart lane",IRE,53.270596,-6.166639
6010,"BRAY ROAD / N11, CLONKEEN RD","bray road / n11, clonkeen rd",IRE,53.266182,-6.158534
6011,STILLORGAN RD/JOHNSTOWN RD,stillorgan rd/johnstown rd,IRE,53.261715,-6.149404
6013,CABINTEELYVILLAGE/OLD BRAY RD/BRENNANSTOWNRD,cabinteelyvillage/old bray rd/brennanstownrd,IRE,53.26096138,-6.150778727
6014,STILLORGAN RD @ GALLOPING GREEN PED(P558),stillorgan rd @ galloping green ped(p558),IRE,53.280232,-6.189335
6015,CORNELSCOURT LINK ROAD / N11,cornelscourt link road / n11,IRE,53.2649336,-6.159515036
6016,BRAY RD/N11 @ KILGOBBIN,bray rd/n11 @ kilgobbin,IRE,53.2610321,-6.1495226
6017,BRAY RD / N11 @ ST LAWRENCES,bray rd / n11 @ st lawrences,IRE,53.250585,-6.141347
6018,STILLORGAN RD @ ST JOHN OF GODS,stillorgan rd @ st john of gods,IRE,53.28477043,-6.1949463
6019,STILLORGAN RD @ BOOTERSTOWN AVE,stillorgan rd @ booterstown ave,IRE,53.2997869,-6.2052474
6020,FRASCATI RD@GEORGES AVE(P407),frascati rd@georges ave(p407),IRE,53.3009679,-6.1802729
6021,MT MERRIONAV / ROCK RD / FRASCATI,mt merrionav / rock rd / frascati,IRE,53.3027118,-6.1855329
6022,FRASCATI RD / ROCK ROAD,frascati rd / rock road,IRE,53.3027116,-6.1855513
6023,FRASCATI RD / CARYSFORT AV,frascati rd / carysfort av,IRE,53.2974806,-6.1809043
6024,BLACKROCK BYPASS / BARCLAY COURT,blackrock bypass / barclay court,IRE,53.29911867,-6.174410395
6025,NEWTOWN AV / TEMPLE HILL,newtown av / temple hill,IRE,53.2975752,-6.1708566
6026,NEWTOWN AVE @ SEAPOINT AVE,newtown ave @ seapoint ave,IRE,53.2990356,-6.1707324
6027,MONKSTOWN / BLACKROCK BYPASS,monkstown / blackrock bypass,IRE,53.29645475,-6.170000153
6028,STRADBROOK / NEWTOWNPARK AV,stradbrook / newtownpark av,IRE,53.2944479,-6.169087
6029,DRUMMARTIN LINK@BLACKTHORN DRIVE(T550),drummartin link@blackthorn drive(t550),IRE,53.2762781,-6.2217426
6030,ROCK RD @ BLACKROCK CLINIC(T381),rock rd @ blackrock clinic(t381),IRE,53.30500972,-6.187705994
6031,ROCK RD @ BOOTERSTOWN AVE,rock rd @ booterstown ave,IRE,53.3088863,-6.196474
6032,ROCK RD/TRIMLESTON AVE(T379),rock rd/trimleston ave(t379),IRE,53.3115555,-6.201784
6033,"FOSTERS AVE, ROEBUCK RD(T101)","fosters ave, roebuck rd(t101)",IRE,53.2989528,-6.219403
6034,BLACKTHORN AVE @ BURTON HALL RD,blackthorn ave @ burton hall rd,IRE,53.2740037,-6.2042807
6035,BLACKTHORN DR/BLACKTHORN RD/BEACON CT(T559),blackthorn dr/blackthorn rd/beacon ct(t559),IRE,53.2771482,-6.2193364
6036,BLACKTHORN RD@CARMANHALL RD,blackthorn rd@carmanhall rd,IRE,53.2796724,-6.2447979
6038,FOSTERS AVE@NORTH AVE(T180),fosters ave@north ave(t180),IRE,53.3016805,-6.2133762
6039,SANDYFORD RD/CENTRAL BANK/BLACKTHORN DRIVE(T304),sandyford rd/central bank/blackthorn drive(t304),IRE,53.2756696,-6.2291236
6040,N11 INBOUND@ WYATTVILLE BRIDGE(P555),n11 inbound@ wyattville bridge(p555),IRE,53.2468814,-6.1390243
6041,WYATTVILLE BRIDGE WEST (T556),wyattville bridge west (t556),IRE,53.2474109,-6.1389764
6042,WYATTVILLE BRIDGEEAST (T555),wyattville bridgeeast (t555),IRE,53.24797335,-6.13668694
6043,WYATTVILLE RD @ WYATTVILLE CLOSE(T554),wyattville rd @ wyattville close(t554),IRE,53.24880511,-6.135357752
6044,WYATTVILLE RD @ LOUGHLINSTOWN DRIVE(T546),wyattville rd @ loughlinstown drive(t546),IRE,53.25012384,-6.13380902
6045,WYATTVILLE RD @ OLD WYATTVILLE RD(T112),wyattville rd @ old wyattville rd(t112),IRE,53.2516694,-6.1329424
6046,WYATTVILLE RD/CHURCHVIEW RD(T113),wyattville rd/churchview rd(t113),IRE,53.25412607,-6.130669444
6047,WYATTVILLE RD @ GLENAGEARY/CHURCH RD(T114),wyattville rd @ glenageary/church rd(t114),IRE,53.2575784,-6.1288007
6048,STILLORGAN RD @ NEWTOWNPARK AVENUE,stillorgan rd @ newtownpark avenue,IRE,53.278474,-6.185137
6049,ROCHESTOWN AVE / ROCHESTOWN PARK / GRANITFIELD,rochestown ave / rochestown park / granitfield,IRE,53.2696686,-6.1409815
6051,STILLORGAN RD@BELFIELD OVERBRIDGE EAST SIDE SB OFFRAMP(T510),stillorgan rd@belfield overbridge east side sb offramp(t510),IRE,53.3090707,-6.2161578
6052,BAKERS CORNER@ ABBEY RD/POTTERY RD(T115A),bakers corner@ abbey rd/pottery rd(t115a),IRE,53.2805408,-6.1581371
6053,ROCHESTOWN RD/POTTERY RD(T115B),rochestown rd/pottery rd(t115b),IRE,53.27957154,-6.157804728
6054,DEANSGRANGE RD@CLONKEEN RD/(FOLEYS COR)(T116),deansgrange rd@clonkeen rd/(foleys cor)(t116),IRE,53.2780084,-6.1638501
6055,NUTGROVE AVE/MEADOW PARK (TEXAS)(T365),nutgrove ave/meadow park (texas)(t365),IRE,53.2919329,-6.2659996
6056,NUTGROVE AVE/WHITEHALL RD(T340),nutgrove ave/whitehall rd(t340),IRE,53.29178238,-6.269052998
6057,CLONSKEAGH RD@BEECHHILL(T366),clonskeagh rd@beechhill(t366),IRE,53.3134092,-6.2381241
6058,BEECHILL RD / BELFIELD BUSINESS PK,beechill rd / belfield business pk,IRE,53.313558,-6.2375744
6059,YORK RD / TIVOLI RD (T396),york rd / tivoli rd (t396),IRE3,53.288952,-6.14578379
6060,MONKSTOWN AVE/MONKSTOWN FARM (DCC 6060)(T578),monkstown ave/monkstown farm (dcc 6060)(t578),IRE,53.2872207,-6.1575528
6061,MOUNT MERRION AVE/CROSS AVE(T383),mount merrion ave/cross ave(t383),IRE,53.3007498,-6.1889217
6062,FRASCATI RD PED @ SWEETMANS AVE,frascati rd ped @ sweetmans ave,IRE,53.2996952,-6.1774492
6063,KILMACUD RD LWR/OLD STILLORGAN RD(T129),kilmacud rd lwr/old stillorgan rd(t129),IRE,53.2892369,-6.1992443
6064,POTTERY RD @ AMGEN,pottery rd @ amgen,IRE,53.2719808,-6.152445209
6065,LEOPARDSTOWN RD / LEOPARDSTOWN LINK RD,leopardstown rd / leopardstown link rd,IRE,53.27281169,-6.19843484
6066,LEOPARDSTOWN RD/BREWERY RD/BURTON HALL RD,leopardstown rd/brewery rd/burton hall rd,IRE,53.27332729,-6.20038447
6067,BALLYOGAN ROAD @ GLENCAIRN CRESENT,ballyogan road @ glencairn cresent,IRE,53.2608089,-6.2059557
6068,BALLYOGAN ROAD @ GLENBOURNE ROAD,ballyogan road @ glenbourne road,IRE,53.25863457,-6.19889542
6069,BALLYOGAN ROAD @ BALLYOGAN AVE WEST,ballyogan road @ ballyogan ave west,IRE,53.2578796,-6.1962868
6070,BALLYOGAN ROAD @ BALLYOGAN AVE EAST,ballyogan road @ ballyogan ave east,IRE,53.2608039,-6.1960682
6072,BALLYOGAN ROAD @ BALLYOGAN WOOD,ballyogan road @ ballyogan wood,IRE,53.2553103,-6.1848931
6073,BLACKROCK MAIN ST / CARYSFORT AVE / TEMPLE RD(T388),blackrock main st / carysfort ave / temple rd(t388),IRE,53.3008387,-6.1769133
6074,CHURCHTOWN RD UPR@SWEETMOUNT(T540),churchtown rd upr@sweetmount(t540),IRE,53.2937231,-6.2484106
6075,DUNDRUM RD@TANEY RD/CHURCHTOWN RD UPR(T105),dundrum rd@taney rd/churchtown rd upr(t105),IRE,53.2921008,-6.2517023
6076,DUNDRUM BY-PASS@DUNDRUM VILLAGE(T544),dundrum by-pass@dundrum village(t544),IRE,53.2924953,-6.2463314
6077,SANDYFORD ROAD/WYCKHAM BY-PASS(T533),sandyford road/wyckham by-pass(t533),IRE,53.2854079,-6.238132
6082,SANDYFORD RD@CLONARD ROAD(T508),sandyford rd@clonard road(t508),IRE,53.2776677,-6.2307309
6084,LAMBS CROSS(ENNISKERRY RD/HILLCREST)(T107),lambs cross(enniskerry rd/hillcrest)(t107),IRE3,53.2653778,-6.2291005
6085,DRUMMARTIN LINK@KILMACUD ROAD UPPER(T557),drummartin link@kilmacud road upper(t557),IRE,53.2873571,-6.2259962
6086,DRUMMARTIN LINK@KILMACUD ROAD LOWER(T558),drummartin link@kilmacud road lower(t558),IRE3,53.2889821,-6.226394
6087,LEOPARDSTOWN ROAD @ BURTON HALL ROAD,leopardstown road @ burton hall road,IRE,53.27212583,-6.20327492
6088,GOATSTOWN RD@TANEY RD (THE GOAT)(T130),goatstown rd@taney rd (the goat)(t130),IRE,53.2944094,-6.2290046
6089,BALLINTEER RD / COLLEGE PARK AVE,ballinteer rd / college park ave,IRE,53.27409917,-6.243577749
6092,GOATSTOWN RD@ROEBUCK RD(T102),goatstown rd@roebuck rd(t102),IRE3,53.2996264,-6.2358737
6093,CLONSKEAGH RD@BIRD AVE(T103),clonskeagh rd@bird ave(t103),IRE,53.3057505,-6.2368764
6094,CLONSKEAGH RD@WYNNSWARD DRIVE(T320),clonskeagh rd@wynnsward drive(t320),IRE,53.3078361,-6.2367867
6095,DRUMMARTIN LINK RD@BENILDUS AVE,drummartin link rd@benildus ave,IRE,53.2811568,-6.2156559
6096,BLACKTHORN AVE EXT@BLACKTHORN DRIVE,blackthorn ave ext@blackthorn drive,IRE3,53.28040794,-6.214385088
6100,TIVOLI RD / PATRICK ST,tivoli rd / patrick st,IRE,53.287683,-6.13888
6101,JOHNSTOWN RD @ MAPLE MANOR,johnstown rd @ maple manor,IRE,53.26316366,-6.1482073
6102,MONKSTOWN RING ROAD/CARYSFORT AVE(T511),monkstown ring road/carysfort ave(t511),IRE,53.2893069,-6.1808245
6103,MONKSTOWN RING ROAD@NEWTOWNPARK AVE,monkstown ring road@newtownpark ave,IRE,53.288878,-6.1749539
6104,MONKSTOWN RING RD @ DEANSGRANGE RD,monkstown ring rd @ deansgrange rd,IRE,53.2863753,-6.1671061
6105,MONKSTOWN RING RD @ ROWANBYRN,monkstown ring rd @ rowanbyrn,IRE,53.28789743,-6.171205328
6109,CHURCH RD @ CHURCHVIEW RD,church rd @ churchview rd,IRE,53.26484596,-6.133708849
6110,ADELAIDE RD @ EDEN RD (T503),adelaide rd @ eden rd (t503),IRE3,53.2857916,-6.1239075
6119,BALLINTEER AVENUE@BROADFORD ROAD(T543),ballinteer avenue@broadford road(t543),IRE,53.2763075,-6.2594438
6121,BALLINTEER RD@BALLINTEER AVE. STH OF RDB(P524),ballinteer rd@ballinteer ave. sth of rdb(p524),IRE,53.278281,-6.2448813
6126,BALLYOGAN RD@KILGOBBIN RD(T529),ballyogan rd@kilgobbin rd(t529),IRE,53.2628642,-6.2111603
6128,BARTON RD EAST @ BEAUMONT AVE,barton rd east @ beaumont ave,IRE,53.28762423,-6.25647997
6130,BLACKROCK MAIN ST / ROCK HILL / BATH PL (T507),blackrock main st / rock hill / bath pl (t507),IRE,53.301755,-6.1779374
6135,BLACKTHORN RD@BLACKTHORN AVE/THRIPPLE PED(P544),blackthorn rd@blackthorn ave/thripple ped(p544),IRE,53.27787945,-6.20688215
6138,BOOTERSTOWN AVE@CROSS AVE(T382),booterstown ave@cross ave(t382),IRE,53.30382312,-6.19879241
6141,BRAEMOR RD@BRAEMOR PARK(T339),braemor rd@braemor park(t339),IRE,53.3014294,-6.2654198
6144,BRAY RD@CHERRYWOOD/CHERRYWOOD RD(T521),bray rd@cherrywood/cherrywood rd(t521),IRE,53.2451743,-6.1352542
6148,BRIGHTON RD@GLENAMUCK RD(T538),brighton rd@glenamuck rd(t538),IRE,53.2581968,-6.1704506
6151,BURTON HALL ROAD@BLACKTHORN RD(T400),burton hall road@blackthorn rd(t400),IRE,53.2761586,-6.2085918
6154,CARYSFORT AVE@CONVENT RD/BROOKFIELD AVE(T512),carysfort ave@convent rd/brookfield ave(t512),IRE,53.2973116,-6.1806573
6158,CHURCH RD PHASE 3@GLENAGEARY RD UPP R/A (AUDIO)(P530),church rd phase 3@glenageary rd upp r/a (audio)(p530),IRE,53.27930498,-6.1356277
6160,CHURCHTOWN RD UPR AND LWR(T131),churchtown rd upr and lwr(t131),IRE,53.29516,-6.2549078
6161,CHURCHTOWN ROAD LWR@ORWELL ROAD(T519),churchtown road lwr@orwell road(t519),IRE,53.29918657,-6.25364878
6162,CHURCHTOWN ROAD UPPER@NOTRE DAME SCH(AUDIO)(LED)(P547),churchtown road upper@notre dame sch(audio)(led)(p547),IRE,53.2942762,-6.2504373
6172,DEANSGRANGE RD@STRADBROOK RD(T119),deansgrange rd@stradbrook rd(t119),IRE3,53.29104,-6.1666419
6175,DUBLIN ROAD@SHANKILL/STONEBRIDGE ROAD(T576),dublin road@shankill/stonebridge road(t576),IRE,53.235517,-6.126116
6179,DUNDRUM CROSS@KILMACUD ROAD UPPER (AUDIO)(T106),dundrum cross@kilmacud road upper (audio)(t106),IRE,53.2892671,-6.2436849
6180,DUNDRUM RD@BIRD AVE(T104),dundrum rd@bird ave(t104),IRE,53.3054324,-6.2456188
6187,ENNISKERRY RD@AIKENS VILLAGE(T569),enniskerry rd@aikens village(t569),IRE3,53.2631464,-6.2274691
6188,ENNISKERRY ROAD@BALLYCHORUS ROAD(T549),enniskerry road@ballychorus road(t549),IRE,53.234479,-6.1936287
6189,ENNISKERRY ROAD@STEPASIDE VILLAGE(T553),enniskerry road@stepaside village(t553),IRE,53.2529018,-6.214089
6190,GEORGES ST LR@YORK RD(T395),georges st lr@york rd(t395),IRE3,53.2947024,-6.1433572
6191,GEORGES ST UPPER@LOWER GLENAGEARY RD(T398),georges st upper@lower glenageary rd(t398),IRE,53.28931266,-6.129567354
6192,GEORGES ST UPPER@MARINE RD/ GEORGES ST LOWER AUDIO(T399),georges st upper@marine rd/ georges st lower audio(t399),IRE,53.2923403,-6.1359191
6194,GLASTHULE RD@ADELAIDE RD(T502),glasthule rd@adelaide rd(t502),IRE,53.2871935,-6.1234981
6195,GLENAGEARY RD LOWER@CORRIG RD(T397),glenageary rd lower@corrig rd(t397),IRE,53.2866379,-6.1314925
6202,GOATSTOWN RD@LARCHFIELD(T566),goatstown rd@larchfield(t566),IRE3,53.2981134,-6.2331758
6203,GOATSTOWN RD@OUR LADYS GROVE(P214),goatstown rd@our ladys grove(p214),IRE3,53.3008201,-6.2334818
6205,GRANGE ROAD@STONEMASONS WAY(T532),grange road@stonemasons way(t532),IRE,53.27666971,-6.265001312
6207,HIGHFIELD RD /MARLEY EST(T315),highfield rd /marley est(t315),IRE,53.2792701,-6.2697104
6208,BREHON FIELD RD/ KINGSTOWN EST (T530),brehon field rd/ kingstown est (t530),IRE,53.2724592,-6.2486931
6209,HAROLDS GRANGE ROAD@KELLYSTOWN ROAD(T526),harolds grange road@kellystown road(t526),IRE3,53.2693188,-6.2627655
6210,JOHNSTOWN RD@POTTERY RD(T331),johnstown rd@pottery rd(t331),IRE,53.267324,-6.148131
6211,JOHNSTOWN ROAD@GRANVILLE ROAD(T562),johnstown road@granville road(t562),IRE,53.2645409,-6.1481579
6219,KILMACUD RD UPR AND LWR/SOUTH AVE(T128),kilmacud rd upr and lwr/south ave(t128),IRE,53.2891667,-6.2078908
6220,KILMACUD RD UPR/BIRCHES LANE(T568),kilmacud rd upr/birches lane(t568),IRE,53.2895014,-6.2345122
6221,KILMACUD RD UPPER@KILMACUD PARK STLAURENCESSCHOOL(P515),kilmacud rd upper@kilmacud park stlaurencesschool(p515),IRE,53.2882708,-6.2075724
6222,KILMACUD RD/SYDENHAM RD(T328),kilmacud rd/sydenham rd(t328),IRE,53.2896288,-6.2391428
6225,LEOPARDSTOWN RD/TORQUAY RD(T318),leopardstown rd/torquay rd(t318),IRE,53.2744079,-6.1930256
6226,LEOPARDSTOWN ROAD/CENTRAL PARK(T536),leopardstown road/central park(t536),IRE,53.2711155,-6.209924
6229,MARINE RD/CROFTON RD(T501),marine rd/crofton rd(t501),IRE,53.2944965,-6.133868422
6235,MONKSTOWN RD/GOGGINS PUB(P411),monkstown rd/goggins pub(p411),IRE,53.29378791,-6.154621479
6240,LEOPARDSTOWN RD / KILGOBBIN RD / HILLCREST RD,leopardstown rd / kilgobbin rd / hillcrest rd,IRE,53.268046,-6.2201118
6241,NEWTOWN PARK AVE/NEWTOWN PARK(T163),newtown park ave/newtown park(t163),IRE,53.2871319,-6.1761781
6242,NEWTOWN PARK/CARYSFORT AVE(T345),newtown park/carysfort ave(t345),IRE,53.2879773,-6.1803901
6247,NUTGROVE AVENUE/LORETO AVENUE(T525),nutgrove avenue/loreto avenue(t525),IRE,53.29272485,-6.273313938
6257,QUEENS ROAD / PARK ROAD(T563),queens road / park road(t563),IRE,53.29113861,-6.12864447
6260,ROCHESTOWN AVE/JOHNSTOWN RD(T162),rochestown ave/johnstown rd(t162),IRE,53.2706371,-6.1430717
6267,SALLYNOGGIN ROAD P.O.(P413),sallynoggin road p.o.(p413),IRE,53.2776139,-6.1407568
6270,SANDYCOVE RD/SANDYCOVE AVE WEST(T505),sandycove rd/sandycove ave west(t505),IRE,53.2860176,-6.1157596
6272,SANDYFORD RD / OLD SANDYFORD RD (T323),sandyford rd / old sandyford rd (t323),IRE,53.2692875,-6.2132997
6279,SHANGANAGH RD/SHANKILL S.C.(T324),shanganagh rd/shankill s.c.(t324),IRE,53.23454218,-6.123385326
6280,SHANGANAGH ROAD@COMMONS ROAD(T545),shanganagh road@commons road(t545),IRE,53.24218552,-6.121554007
6284,STILLORGAN RD@BELFIELD OVERBRIDGE WEST SIDE UCD EXIT (T534),stillorgan rd@belfield overbridge west side ucd exit (t534),IRE,53.3091678,-6.21845421
6289,TANEY ROAD@BIRCHES LANE(T552),taney road@birches lane(t552),IRE,53.29120845,-6.23380463
6291,TIVOLI RD@MULGRAVE TCE(T509),tivoli rd@mulgrave tce(t509),IRE,53.28756551,-6.137246002
6297,WYCKAM BY-PASS EXTENSION@LUAS CAR PARK(T560),wyckam by-pass extension@luas car park(t560),IRE,53.2862477,-6.23733152
6300,MURPHYSTOWN RD / GLENCAIRN RD,murphystown rd / glencairn rd,IRE,53.26498479,-6.210660338
6301,LAUGHANSTOWN RD CROSSING,laughanstown rd crossing,IRE,53.2510385,-6.1560747
6306,CHURCHTOWN RD / NUTGROVE AVE,churchtown rd / nutgrove ave,IRE,53.2954567,-6.2569789
6309,GLENAGEARY RD UPPR / KILL LANE,glenageary rd uppr / kill lane,IRE,53.2834906,-6.1461554
6310,KILL AVE / HONEY PARK,kill ave / honey park,IRE,53.2829292,-6.1475748
6312,BALLYOGAN RD @ MURPHYSTOWN RD,ballyogan rd @ murphystown rd,IRE3,53.2628104,-6.2101079
6313,LEOPARDSTOWN RD @ MURPHYSTOWN RD,leopardstown rd @ murphystown rd,IRE3,53.2694235,-6.2123917
6315,LEOPARDSTOWN RD @ ESB ROUNDABOUT,leopardstown rd @ esb roundabout,IRE,53.2714412,-6.2082049
6344,ROCHESTOWN AVE @ SALLYNOGGIN RD,rochestown ave @ sallynoggin rd,IRE,53.2690835,-6.1701621
6345,DODDER PARK @ DODDER RD LOWER / WOODSIDE,dodder park @ dodder rd lower / woodside,IRE,53.3035186,-6.2713659
6350,ENNISKERRY RD @ GLENAMUCK RD (GOLDEN BALL),enniskerry rd @ glenamuck rd (golden ball),IRE,53.2391464,-6.1963266
6352,GLENAGEARY RD UPPER @ HONEY PARK,glenageary rd upper @ honey park,IRE,53.28225563,-6.14255917
6360,WYATTVILLE ROAD @ TULLYVALE ROAD,wyattville road @ tullyvale road,IRE,53.2424969,-6.1405354
6361,TULLYVALE ROAD @ BISHOP STREET,tullyvale road @ bishop street,IRE,53.2486663,-6.1414232
6362,BARRINGTON RD @ GRAND PARADE,barrington rd @ grand parade,IRE,53.252721,-6.159443
6364,BISHOP STREET @ BUS GATE,bishop street @ bus gate,IRE,53.347397,-6.260321
6366,CASTLE STREET @ BISHOP STREET,castle street @ bishop street,IRE,53.387127,-6.363407
6370,BARTON RD EAST @ NUTGROVE WAY,barton rd east @ nutgrove way,IRE,53.2871272,-6.2648537
6371,BREHON FIELD RD @ GRANGEFIELD RD,brehon field rd @ grangefield rd,IRE,53.271814,-6.254159
6372,SEAPOINT AVE @ CLIFTON AVE,seapoint ave @ clifton ave,IRE,53.294746,-6.153656
6373,ENNISKERRY RD @ FERNHILL PARK (BELARMINE),enniskerry rd @ fernhill park (belarmine),IRE,53.257435,-6.221508
6374,BRAY NEW SCHOOLS PEDESTRIAN CROSSING,bray new schools pedestrian crossing,IRE,53.209496,-6.111297
6375,KILMACUD ROAD @ THE CHILDRENS HOUSE PRIMARY SCHOOL,kilmacud road @ the childrens house primary school,IRE,53.2888781,-6.2056046
6376,CHERRYWOOD AVE / CHERRYWOOD BUSINESS PARK,cherrywood ave / cherrywood business park,IRE,53.243844,-6.141023
6377,CHERRYWOOD AVE PED,cherrywood ave ped,IRE,53.243405,-6.140503
NULL,NULL,NULL,NULL,NULL,NULL
